cell,form,psi_child,kappa_fert,gamma_e,CF,childless,joint_distance,own_family_gap,share_3plus,pp12_flow,pp23_flow,mean_age_first_birth,market_residual
1,power,-0.5,0.5,0.0,0.18476236216697453,0.8227549675145551,12.216399386832974,0.08288904115186979,0.00020303398418043366,0.04080837691452487,0.02807018937492378,33.62581918898638,2.908551955708348e-07
2,power,-0.5,1.0,0.0,0.6489112087507288,0.4616341503009724,2.5562937204991663,0.06688624554408895,0.011585434604881087,0.1752075296829629,0.12282366731492894,29.894395570037616,1.5365857771860866e-06
3,power,-0.5,1.8,0.0,1.0322728476432463,0.2578073547136842,0.3511320744062377,0.0690844920823761,0.047121076283707014,0.30195758056714,0.21025804257577665,27.956026926006576,9.842106817863189e-06
4,power,-0.5,3.0,0.0,1.2536014315029007,0.17327876753153232,0.12612576018468064,0.0733776212326025,0.08230772477561477,0.3769703410996004,0.2641036010521501,26.91903205300606,6.673822441545994e-07
5,power,-0.5,6.0,0.0,1.4213687548019462,0.12273986200536928,0.18754381294212003,0.07819571419723642,0.11688523410152796,0.43370178670295884,0.3072133219052811,26.131054344720397,5.267963471340317e-06
6,power,-0.5,10.0,0.0,1.487048937522344,0.10581141117468472,0.2416051085716665,0.0804051738853066,0.1323659426619971,0.4557741332034695,0.32478611874345686,25.817855943939126,4.563491228624539e-06
7,power,-0.5,15.9109,0.0,1.523036010191407,0.09717741498835455,0.27578957632567674,0.08180329580716578,0.1413247656418948,0.46782032274607244,0.334608350402355,25.644562063541485,1.2662421436424544e-05
8,power,0.0,0.5,0.0,1.4042147285280187,0.1239240551250993,0.18792204494123482,0.09077263773264793,0.11238864848005117,0.4232449006189078,0.30310210966596257,26.278389590376204,5.9252648291304e-06
9,power,0.0,1.0,0.0,1.4939848709312007,0.10255599319490216,0.2554332190869369,0.08753222178820746,0.1337952831727408,0.45599220136263335,0.32694599855363604,25.81551742430057,5.3199964750207615e-06
10,power,0.0,1.8,0.0,1.5336294494844473,0.09390518653032467,0.2906654414645427,0.08611441571077239,0.14388980664529236,0.47024759466115607,0.3376990206422673,25.609967199421778,8.334637140038457e-06
11,power,0.0,3.0,0.0,1.5533300465275461,0.08977722955191711,0.30911560446384434,0.08532575883902926,0.1490534952847447,0.47728138251562857,0.3430994127164772,25.507453760577068,1.3557500921555465e-05
12,power,0.0,6.0,0.0,1.5680396157014411,0.08676766003255272,0.3232418781119468,0.08477157658896284,0.15297326665475292,0.48251105728566457,0.3471578482666501,25.43072976105302,3.622326650986237e-06
13,power,0.0,10.0,0.0,1.5739055029909048,0.08558455179038159,0.32895210148361753,0.08455710042810038,0.15455173938199346,0.4845911342334672,0.34878265414959664,25.40008581044499,3.896919326618709e-06
14,power,0.0,15.9109,0.0,1.577169621434541,0.08493039478875311,0.33214754708786326,0.08442639975277283,0.1554338942752145,0.4857472722185076,0.34968840159549114,25.38302160604684,4.7400859055698005e-06
15,power,0.5,0.5,0.0,2.3784218427154924,0.0013027406383910737,1.043814564660904,0.1852525763060277,0.4675250104343921,0.726135535171598,0.644693510976607,20.81177818878974,5.806619564856049e-06
16,power,0.5,1.0,0.0,2.141082191863889,0.009682764460057275,0.9131725053151443,0.1378699013931171,0.3533787044844788,0.6624491087964971,0.5386584978791965,22.356296769054055,1.6661507346842132e-05
17,power,0.5,1.8,0.0,1.9441652540755519,0.02588960114964555,0.7437290354727332,0.11414265238231097,0.27303128994942205,0.6034337081303108,0.4644881895681134,23.49501769501038,1.4951536239780984e-05
18,power,0.5,3.0,0.0,1.8151631845853187,0.04205476683897952,0.6055233203586857,0.10108330513850605,0.2271374891559544,0.5628980112901361,0.4212291572334713,24.188111710728517,6.734524655024224e-08
19,power,0.5,6.0,0.0,1.7044330834912313,0.05982071022521897,0.47725623948237894,0.09218575158835302,0.19175731792379017,0.5273393636985343,0.3867684805750787,24.755200452106237,8.364686848324393e-06
20,power,0.5,10.0,0.0,1.65696814946455,0.06860578227963197,0.42184313279775393,0.08885957564970176,0.17768277030315444,0.5119401048276545,0.3726427074393217,24.99148817521022,1.145015177548034e-05
21,power,0.5,15.9109,0.0,1.6297865131063567,0.07396497966816008,0.3905066513033457,0.08704553935085269,0.16991044687095236,0.5030877419076492,0.36471106244387314,25.12515738499517,7.5345795142338445e-06
22,power,1.0,0.5,0.0,2.539670417169,6.922156226749238e-05,1.1043203011247336,0.2086838438288468,0.5553919382256677,0.7622436902198478,0.7286782364886502,19.397667852327825,6.957174712707216e-06
23,power,1.0,1.0,0.0,2.396847116701853,0.0010449136766370575,1.0512447058811543,0.17876708657759843,0.4769598332593019,0.7309120032064003,0.6532369618101701,20.655142454412626,4.858968119675677e-06
24,power,1.0,1.8,0.0,2.201228939477184,0.006614062583471219,0.9526814501712692,0.14189106182549382,0.3803486154518185,0.6798515203411158,0.5631832859729216,21.97150051511518,1.7847099478668223e-05
25,power,1.0,3.0,0.0,2.0200065909433,0.018634920198540142,0.8144098423731125,0.11741212551088726,0.3023889107427534,0.6269807722930463,0.4914519213452405,23.059844937155198,1.0586042402250059e-06
26,power,1.0,6.0,0.0,1.8275104298156157,0.04044782060291615,0.6182185605186208,0.10086725757661158,0.23130096668005562,0.5670737961829078,0.4250786294390313,24.118449899545396,1.167981937492549e-05
27,power,1.0,10.0,0.0,1.7355208559161241,0.054568997770688576,0.5127816598954904,0.09356616594105471,0.20133344525526778,0.5375569756057242,0.39615175376709943,24.595186285723393,1.1865116020255241e-05
28,power,1.0,15.9109,0.0,1.6807004599290993,0.06420694102408137,0.4488948665179647,0.08991017661308748,0.18464827373821902,0.5197728417859941,0.37962241417427955,24.871756838188723,1.3437662002025211e-05
29,power,1.5,0.5,0.0,2.578523415422736,1.2220583642014926e-05,1.1184685072608787,0.2090546001101311,0.5783678924209283,0.7688299821613712,0.7522794020680623,18.809881485250436,1.0770742747135386e-05
30,power,1.5,1.0,0.0,2.4976518223681463,0.00019982562678407968,1.0892103194131815,0.19523981741022084,0.5315187613098133,0.753876023394386,0.7051888850062864,19.827382478242818,7.096700902921071e-06
31,power,1.5,1.8,0.0,2.3480257212818954,0.0018647213834447622,1.030528925927628,0.16564752044791203,0.45160252189483696,0.7189876230823374,0.6292823322037054,20.9976310154251,1.706500120832454e-05
32,power,1.5,3.0,0.0,2.169915311555592,0.00818813665872508,0.9320400136304877,0.13524032133602182,0.36603987386073,0.6711430364246199,0.5499003676144949,22.162798994251396,1.515737522255947e-05
33,power,1.5,6.0,0.0,1.9358556034137964,0.026986701168249104,0.7335996363083818,0.1097925542298061,0.26986540132197673,0.6012566775864369,0.46128413725947803,23.531538253253913,1.7309839891575996e-05
34,power,1.5,10.0,0.0,1.8090643261987407,0.04312292610795066,0.5970852389687862,0.09857482282203522,0.22508951519629217,0.5612653342078869,0.4191127734623473,24.214001178796828,5.235139790215038e-07
35,power,1.5,15.9109,0.0,1.7297595213368466,0.055573066288169166,0.5058096386135608,0.09288479266620603,0.19954158065529895,0.5357475061422916,0.39437092140414426,24.623566199541525,1.2613220787131785e-05
36,power,2.0,0.5,0.0,2.590724324366982,3.4866778001308835e-06,1.1229832859066078,0.2066824810656177,0.5859356824694687,0.7704205412258139,0.7605427088301463,18.508757414700373,1.4667154331571117e-05
37,power,2.0,1.0,0.0,2.543802012560173,6.004975927272689e-05,1.1058188831771891,0.2003809959230754,0.5577310325735542,0.7630844396173304,0.7309342160016197,19.335390190017677,8.292658834758653e-06
38,power,2.0,1.8,0.0,2.43350528237978,0.0006285851221030104,1.0655626558030424,0.18095489034109413,0.49636109671072626,0.739693290938697,0.6714584312015502,20.366752948944296,2.1938395140395103e-06
39,power,2.0,3.0,0.0,2.276767876554741,0.0037063048976315916,0.995948749796098,0.15135882895534458,0.41605389409485216,0.7005953497838339,0.5960668349907857,21.477764634281534,1.2096414363877788e-05
40,power,2.0,6.0,0.0,2.0294516607293636,0.01787713359662605,0.8222366228440813,0.11684021657786259,0.3061457655679136,0.6299870860384537,0.49480124889683136,23.001305775436883,6.971627634925138e-07
41,power,2.0,10.0,0.0,1.8773118733914829,0.03390222405145837,0.6723073305898783,0.10416643999721414,0.24857432372072524,0.5829741640360866,0.44135278875260314,23.850312435360063,1.3455180646362155e-05
42,power,2.0,15.9109,0.0,1.7768456901006822,0.047974791239170124,0.5601654501209579,0.09599888353756869,0.21448771148137938,0.5509703735592518,0.4089081059485923,24.38127829996478,1.0830609815868161e-05
43,power,2.7233,0.5,0.0,2.596268162552284,9.305145157019356e-07,1.1250464249016867,0.20307756220345807,0.5894309495939023,0.7710664797199915,0.7644366767342656,18.2984027911963,1.820007071507432e-05
44,power,2.7233,1.0,0.0,2.5737277276524044,1.650696015061026e-05,1.1167070090924758,0.20168446329035622,0.5754298478934268,0.7681551281055576,0.7491186704304296,18.895479135805004,7.752397125934835e-06
45,power,2.7233,1.8,0.0,2.5026855528164473,0.00017880267674199636,1.091026947341684,0.19188683181753052,0.5342950643240896,0.7549862593748087,0.7078150210818553,19.772778350811993,1.7702271362237122e-06
46,power,2.7233,3.0,0.0,2.3797637298865872,0.0013012278944590902,1.0441669316151296,0.16931257675610706,0.4679084311960895,0.7269390665882808,0.6445080490523897,20.766897746324975,7.187719034721365e-06
47,power,2.7233,6.0,0.0,2.1408569724758855,0.009842288931416619,0.9115362610739314,0.1296932029881011,0.3530717520967589,0.6629234921352268,0.5378921276885239,22.33824581729046,1.6836339665363465e-05
48,power,2.7233,10.0,0.0,1.9665126632143044,0.023785334806041048,0.7636110154788357,0.11202553721410607,0.2814296076195472,0.6108252293688521,0.47196249692969205,23.3587557927874,5.222194793352729e-05
49,power,2.7233,15.9109,0.0,1.8413052479349168,0.038630656299181505,0.6328574587815237,0.10101135557903845,0.2360069729435112,0.5716077228062227,0.4294736050275965,24.042483168031232,1.557715816143049e-05
50,sqrt,-0.5,0.5,0.0,0.1879188072220876,0.8200334036757896,12.115882342490114,0.08114028815577556,0.00022582307632591284,0.042430421781007546,0.02957325098569525,33.57026125830447,1.1710251467336068e-06
51,sqrt,-0.5,1.0,0.0,0.6557223880244394,0.4580831112321809,2.4969791860073474,0.06572803700025232,0.012163426291259159,0.17858218571440118,0.12568547973471342,29.850722629177014,2.1644081158635796e-06
52,sqrt,-0.5,1.8,0.0,1.038463546307911,0.25576305160514873,0.34020432447621507,0.06846235093715225,0.04819786108233699,0.30467392540144494,0.21255985784407613,27.925255892009833,7.638832407199065e-06
53,sqrt,-0.5,3.0,0.0,1.2578802889437588,0.17220726480634566,0.1255102384356854,0.07295746922269664,0.08327819617734505,0.3787156681589825,0.26564180675650195,26.898993373289912,4.5743848403633417e-07
54,sqrt,-0.5,6.0,0.0,1.4236072682972314,0.12229259138240205,0.18859813795500488,0.07782534374046085,0.11748408289671457,0.4345663937776878,0.3080158956118973,26.12072939902834,5.066489916416928e-06
55,sqrt,-0.5,10.0,0.0,1.4883982842621717,0.10556587511262581,0.2424330999897482,0.0800091056848325,0.1327486329191872,0.45628410381516354,0.32527175873681563,25.811627386526602,1.2951840842090662e-05
56,sqrt,-0.5,15.9109,0.0,1.5238832017039095,0.09703121914336099,0.27635981128341347,0.08138347083188324,0.14157257822869715,0.4681366840938851,0.334914330933311,25.64064308566931,4.417746211678965e-06
57,sqrt,0.0,0.5,0.0,1.430613097455204,0.11868744831164724,0.20050066522320129,0.08925370775318703,0.11942325284004587,0.43356694694425135,0.3125379617291417,26.156190023215693,1.774747358869825e-05
58,sqrt,0.0,1.0,0.0,1.5073838021687467,0.10018350110407974,0.26402350007790576,0.08658439590908573,0.1376395966688769,0.46106274795235047,0.3317641114210834,25.753493031351244,4.52041467719688e-06
59,sqrt,0.0,1.8,0.0,1.5410985831778843,0.09264744211299275,0.2958614211319696,0.08539306571137312,0.14609966733503574,0.47303166428974186,0.3403948223019015,25.575301889462107,4.246820008945544e-06
60,sqrt,0.0,3.0,0.0,1.5578098771338031,0.08904220246405851,0.3123335344950527,0.08478121566917735,0.15039929598581867,0.4789388329172457,0.34472080381316833,25.486639035578463,4.464138631371759e-06
61,sqrt,0.0,6.0,0.0,1.5702775225669194,0.08640746509017615,0.324884463876844,0.0842752173324795,0.1536531243201629,0.4833343051468945,0.34796954278743014,25.42032130766144,5.988060189026246e-06
62,sqrt,0.0,10.0,0.0,1.5752476890915985,0.08537022316920392,0.3299449141027598,0.08414694954154472,0.1549613113969942,0.4850837882510663,0.3492699219076341,25.39384097574937,5.109742801086734e-06
63,sqrt,0.0,15.9109,0.0,1.5780129443139028,0.08479631696554554,0.33277397405867254,0.08404371098101587,0.1556918761464868,0.48605643048784136,0.34999472585509994,25.379097040004314,7.0318262405867e-06
64,sqrt,0.5,0.5,0.0,2.385467619313291,0.001219734677031085,1.0464688483590505,0.1838298228328994,0.47123991304496365,0.7278392466063952,0.648241221710409,20.761842728089317,3.3346613906799726e-06
65,sqrt,0.5,1.0,0.0,2.1488714750373337,0.009352655354314699,0.917467711258676,0.1377487151870775,0.35696132887674575,0.6646949321594692,0.5421003933175103,22.312227352716892,1.459961896629133e-06
66,sqrt,0.5,1.8,0.0,1.950098852690961,0.025431290008610795,0.7480331770402425,0.11344637900112575,0.27542562150539684,0.605328558519933,0.46687509853591025,23.464610636645286,1.269582449017888e-05
67,sqrt,0.5,3.0,0.0,1.8191846737561428,0.04163844967609856,0.6087459624235599,0.10046759905159108,0.22861771015448862,0.5642529481776241,0.42277242461851716,24.168433626385703,9.902860240413167e-06
68,sqrt,0.5,6.0,0.0,1.7065812167241279,0.05954537346979406,0.47900730474468584,0.09173866025074429,0.19248485216732208,0.5280933100605955,0.38756811798739627,24.74499119757819,7.483411495706862e-06
69,sqrt,0.5,10.0,0.0,1.6582818298232351,0.06842265441477562,0.42289535517542043,0.08840950619477667,0.17811145087855604,0.5124088251637894,0.37312669461827674,24.98530291172494,8.569012289173128e-07
70,sqrt,0.5,15.9109,0.0,1.630619429213861,0.07384337277961563,0.391161459692001,0.08677347676310748,0.17017639974706197,0.5033876870003807,0.36501633775423326,25.12125403644266,2.6060382648028674e-06
71,sqrt,1.0,0.5,0.0,2.541288153980543,6.616901027941778e-05,1.104900239989206,0.2071627337360466,0.5563299813793041,0.7625428053102036,0.7296204104328332,19.377687784390293,6.032127855761025e-06
72,sqrt,1.0,1.0,0.0,2.4000720355905165,0.0010117197542759077,1.052438281953871,0.17856169158162438,0.47867866210767024,0.7316738768045215,0.6548866311702825,20.63190196640578,5.017343072559485e-06
73,sqrt,1.0,1.8,0.0,2.205006043591097,0.006486843570106867,0.9545731726312334,0.14211491929707243,0.38215185660850337,0.6808971616839069,0.5649120355629044,21.949373717617277,1.090128411770173e-05
74,sqrt,1.0,3.0,0.0,2.0232431161523623,0.018429147144825766,0.8165654674944797,0.11733831165785563,0.3037634237781207,0.627976542571516,0.4927996653918398,23.042730792361358,6.989193098221147e-07
75,sqrt,1.0,6.0,0.0,1.829505212950519,0.04024566721976331,0.6198105402884531,0.10003203708954794,0.23204135262088643,0.5677421482412429,0.4258475673433926,24.108659482772737,8.829391132032032e-06
76,sqrt,1.0,10.0,0.0,1.7367913320532404,0.05441478649686057,0.5138210900208722,0.09308294905796122,0.2017738573616906,0.5379977510888663,0.3966283601102285,24.589107482613546,8.633761481264534e-06
77,sqrt,1.0,15.9109,0.0,1.6815193016336,0.0640972669838375,0.4495580197926069,0.08952402104332552,0.1849204295893222,0.5200625553594137,0.3799256298153774,24.867885852633787,1.8638918751461938e-06
78,sqrt,1.5,0.5,0.0,2.5790192903881994,1.1803276994685681e-05,1.118651084248638,0.20789268273036648,0.5786713234445485,0.7689003176930331,0.7526049104982512,18.799688602380133,1.162306958265657e-05
79,sqrt,1.5,1.0,0.0,2.4991312869813047,0.00019460541047017666,1.0897326250490778,0.19505755268994407,0.5323509429341823,0.7541813401693247,0.7060033624199858,19.8133780613988,4.034810725381379e-06
80,sqrt,1.5,1.8,0.0,2.3503220705967673,0.0018300907038700635,1.0314320157106536,0.1658106709275169,0.4527960677038024,0.7195545171564925,0.630426513242296,20.982288863423058,6.7350305427613115e-06
81,sqrt,1.5,3.0,0.0,2.1723674126506394,0.00809363892886374,0.9333392460497062,0.1356009386234922,0.36718796728917985,0.6718354910371238,0.5510040897115395,22.148750185836555,1.2442986653413334e-05
82,sqrt,1.5,6.0,0.0,1.9376586633143469,0.026843258293922315,0.734925543522413,0.10935823193134758,0.2705880912383279,0.6018337720187075,0.4620078214050805,23.522349020936417,1.4891933763202507e-05
83,sqrt,1.5,10.0,0.0,1.8102784236872567,0.04299498728841992,0.5980630552596494,0.09813272752592472,0.22553402486659127,0.5616749852697872,0.41957806389822905,24.208077714083185,1.0466785537204941e-05
84,sqrt,1.5,15.9109,0.0,1.7305606418669406,0.055474711583782796,0.5064651310295715,0.09242804535420202,0.19981803596635794,0.5360259907329004,0.39467102910660035,24.619738897813157,1.0672632050889308e-05
85,sqrt,2.0,0.5,0.0,2.5909044875238187,3.3897604574802005e-06,1.1230502182343862,0.20610945915140372,0.5860485836905817,0.7704424717535806,0.7606675266287909,18.503222910582426,9.372048393234364e-06
86,sqrt,2.0,1.0,0.0,2.5445529753828415,5.874073191350745e-05,1.1060884562984508,0.20026735653548927,0.5581689384973977,0.7632200334634853,0.731377194946871,19.325988378647367,6.564850239153424e-06
87,sqrt,2.0,1.8,0.0,2.4349396303108235,0.0006179645151996855,1.0660778204484493,0.1814579374761689,0.49714057576839704,0.7400180929602196,0.6722105644895002,20.355719471475012,2.570270965302719e-06
88,sqrt,2.0,3.0,0.0,2.278586595285351,0.0036636209554561172,0.9967495743946323,0.15205532781308773,0.41696237304133354,0.7010713547479123,0.596937215703852,21.466499234003823,1.4166929850883197e-05
89,sqrt,2.0,6.0,0.0,2.0310500679625485,0.017777811761117857,0.8232905885799006,0.11689483461544359,0.30682870132885925,0.6304761844478971,0.4954702180469966,22.99282534477893,1.1551307458561703e-06
90,sqrt,2.0,10.0,0.0,1.8784603600786969,0.033797414180227324,0.6731965243609297,0.10340721472819192,0.24901601063971363,0.5833511179492759,0.44180338756926313,23.844585547728062,7.733982919548624e-06
91,sqrt,2.0,15.9109,0.0,1.7776256323885153,0.04788714274987047,0.5608004677011897,0.09555902064532729,0.21476653239109747,0.5512367846384807,0.4092041082672821,24.37750811996862,1.0293860055996378e-05
92,sqrt,2.7233,0.5,0.0,2.5963202723800336,9.114863396625785e-07,1.1250658436622611,0.20326410652489363,0.5894632858103659,0.7710732865711256,0.7644718519783555,18.296064055287705,9.830710754394466e-06
93,sqrt,2.7233,1.0,0.0,2.5740426089952084,1.6210937861023084e-05,1.1168224393167485,0.20159614051890173,0.5756210701506728,0.7682017748037794,0.7493218833710674,18.88975035860629,1.1130486291883118e-05
94,sqrt,2.7233,1.8,0.0,2.503464463864728,0.00017623354715376777,1.091302013275908,0.1923023738108176,0.534734899995103,0.7551449174786778,0.7082470412091776,19.765298650624793,6.404395890442078e-06
95,sqrt,2.7233,3.0,0.0,2.3809496138932342,0.0012870449202096491,1.0446148689304064,0.1696950385411033,0.468535451664218,0.7272229963111037,0.6451105903896758,20.758650345122323,5.036476923383661e-06
96,sqrt,2.7233,6.0,0.0,2.142166768484191,0.009785655407056471,0.9122664556440092,0.13020332258024409,0.3536737834707115,0.6632999519288122,0.5384727000701596,22.330881074776165,1.2451871092942383e-05
97,sqrt,2.7233,10.0,0.0,1.967557002485611,0.02370823399410846,0.7643554731488272,0.1116575288752536,0.28185707819945566,0.6111547263799203,0.4723872258692559,23.353369188494373,1.531456057942064e-05
98,sqrt,2.7233,15.9109,0.0,1.8420500034096907,0.038557136219536145,0.6334481238840174,0.10022140171456334,0.23628606190674425,0.5718557730621987,0.429762100506054,24.038814112243106,8.258949893018217e-06
99,linear_g05,-0.5,0.5,0.5,0.12088588181533863,0.8822875760821332,14.516307803851968,0.1293298085403477,5.4524131454368585e-05,0.02631093651312254,0.01760476157585078,34.967313558220596,5.998181248771244e-07
100,linear_g05,-0.5,1.0,0.5,0.5359509996698889,0.5385204785404464,3.9954686564142925,0.09041097809734178,0.0065197304110011485,0.14159643625651963,0.0997757224831969,30.724417394639225,3.5175679293296174e-06
101,linear_g05,-0.5,1.8,0.5,0.944829494775617,0.2982411773202822,0.6012950945346933,0.07913551326999768,0.03655526809701429,0.2734462187168221,0.19049789020946567,28.46409744498524,8.734329857493502e-06
102,linear_g05,-0.5,3.0,0.5,1.1977040225019027,0.19302644978893937,0.1417491453768455,0.07797695951585448,0.07248597809072285,0.3584381456846702,0.25059966231918196,27.231622423130105,1.394965128886501e-05
103,linear_g05,-0.5,6.0,0.5,1.3937034125392076,0.13050174046000626,0.16826265020927525,0.0778962110462087,0.1107701636077665,0.4245286519862086,0.300086925205999,26.2865247256431,1.4259396144889878e-05
104,linear_g05,-0.5,10.0,0.5,1.470752293228555,0.10995627900632317,0.2267047126912887,0.07859470704015425,0.12846178739318082,0.45038469544270193,0.3204638123513201,25.91026089303121,1.584314173394908e-05
105,linear_g05,-0.5,15.9109,0.5,1.5129334005896529,0.09960691919465173,0.26566757147949593,0.07889323635718426,0.13880007160126673,0.4644862657271051,0.331882737386024,25.702217193342925,1.4805389134009149e-05
106,linear_g05,0.0,0.5,0.5,1.0824433077357711,0.23616671728336347,0.25542331881569696,0.11397905279781084,0.05471210320570353,0.3168401877920844,0.22607085205501376,28.109546498503487,1.0560274992803889e-05
107,linear_g05,0.0,1.0,0.5,1.3309080314521253,0.14808708493851996,0.13876716360101976,0.09691103815540447,0.09761620150877323,0.4018397042397933,0.28515031486704684,26.742908692176023,5.923455370597065e-06
108,linear_g05,0.0,1.8,0.5,1.4440913872935264,0.11636247025150274,0.206250518174954,0.08953879463078607,0.12222779824683928,0.4406048031995006,0.31393996661747653,26.12198698958695,1.0733785138466547e-05
109,linear_g05,0.0,3.0,0.5,1.500160976942845,0.10239863452888953,0.2547813826197748,0.0856330472704433,0.1356503667820371,0.4597242322907772,0.3287305541808095,25.812698408028528,1.6247256254284653e-05
110,linear_g05,0.0,6.0,0.5,1.5417126873296174,0.09276136149898599,0.295121382293755,0.08259799099738918,0.1461356408727435,0.4738380109840857,0.33994191266028667,25.58239011745015,1.6215298653284594e-05
111,linear_g05,0.0,10.0,0.5,1.5581778897328662,0.08910549431364184,0.3119072041617679,0.08136592301551038,0.1504189887163158,0.47941534083942133,0.344447196957138,25.490821657137822,3.526735476522567e-06
112,linear_g05,0.0,15.9109,0.5,1.5673099596050917,0.08711706453560054,0.32138277284612404,0.08070217167900395,0.15282632402336774,0.48250455027832645,0.3469618018427714,25.439952762760356,9.848646040885233e-06
113,linear_g05,0.5,0.5,0.5,2.2979957880866992,0.0031597234690801342,1.0059202678736323,0.18770548399680342,0.42723507293871843,0.7052548192917983,0.6077084254788301,21.565311578994784,1.1783683722535066e-05
114,linear_g05,0.5,1.0,0.5,2.0563945828185117,0.015629427672873217,0.8458474045263411,0.13277790514377236,0.31761792449063786,0.6373198616078549,0.5062778511110265,22.978938569705498,1.9987262400151355e-05
115,linear_g05,0.5,1.8,0.5,1.8794972481789727,0.03350484058026791,0.6757298919886128,0.10644292528171062,0.2495849501828458,0.5831205180912914,0.4428538117358151,23.920029558812356,4.6864247732721045e-07
116,linear_g05,0.5,3.0,0.5,1.7707010460739503,0.048799304743464125,0.5541334087984843,0.0966495252145535,0.21261118837536774,0.5486168051004372,0.4074223489469758,24.464564549226207,2.4244189219551395e-05
117,linear_g05,0.5,6.0,0.5,1.6801742560830568,0.0642478221865723,0.4486765014563455,0.08791491011703723,0.1845357530007342,0.5194452513093194,0.37964693391476184,24.90030262810722,1.4648070223284745e-05
118,linear_g05,0.5,10.0,0.5,1.641964602036114,0.07154940681096826,0.404391211142111,0.0844876684302619,0.17339660083504202,0.5070369617218994,0.36833429942377355,25.079962741059024,1.8060530124033958e-05
119,linear_g05,0.5,15.9109,0.5,1.6202079154971076,0.07592074424282441,0.379520421225931,0.08265113636402754,0.16723891608964217,0.4999508145452441,0.3619935579816262,25.181218567463937,1.2898517914502701e-05
120,linear_g05,1.0,0.5,0.5,2.521864589791557,0.00012528949937447734,1.0977922852526125,0.20229141068077722,0.5453418464428614,0.7586063399814599,0.7189633817153116,19.697640909485607,1.5120426584029794e-05
121,linear_g05,1.0,1.0,0.5,2.3637324426776787,0.001593974737407208,1.0371218615619024,0.16350900970971777,0.459879221217725,0.7226473884786736,0.6373972055166757,20.976473032679817,1.3250927077522042e-05
122,linear_g05,1.0,1.8,0.5,2.1624374107111737,0.00861214167886068,0.9267219092366067,0.12913048682713368,0.36286451301020434,0.6687990258848882,0.5472745708570879,22.270964745403212,1.1774414362609735e-05
123,linear_g05,1.0,3.0,0.5,1.9860258227723118,0.021817396168255388,0.7826255509402977,0.10710874576631774,0.28908275303913145,0.6165795242328693,0.47930631121236017,23.292927004192258,2.0728860928380407e-05
124,linear_g05,1.0,6.0,0.5,1.8057464939915406,0.043598768652748705,0.5933901237867176,0.09087242624591091,0.2240346784558584,0.5601171294157044,0.41821178440390533,24.254669080001396,0.00012133537443280833
125,linear_g05,1.0,10.0,0.5,1.721358096564471,0.05699453966858292,0.4960938417336859,0.0876311182212276,0.19697054844196132,0.5329702625253923,0.39190798101359803,24.68083100204317,3.3898445015120836e-06
126,linear_g05,1.0,15.9109,0.5,1.6714338234065735,0.0659461720563309,0.4380159182157199,0.08467442160331262,0.18193173780911046,0.5167534755584589,0.37692344955346896,24.92680534984385,1.7541246455457303e-05
127,linear_g05,1.5,0.5,0.5,2.572906138952459,1.9512899552121843e-05,1.1163823233506738,0.1894130184316561,0.5750300817848396,0.767898521576395,0.7488506448426298,18.965299705837126,2.923450161711523e-06
128,linear_g05,1.5,1.0,0.5,2.482752542630287,0.00028033805350057857,1.0837199211302417,0.17399632985055802,0.5233270647693092,0.7505854084944443,0.6974207189882397,20.02067684249327,1.4400911273541643e-05
129,linear_g05,1.5,1.8,0.5,2.3252345658808844,0.0023829512594286603,1.0198909636391233,0.14561636656401805,0.4401503397468574,0.7131063386333806,0.6187039399434238,21.20202019540071,1.4988980914763603e-05
130,linear_g05,1.5,3.0,0.5,2.1451022583656902,0.00959640576281982,0.9145360648843598,0.12046633456257322,0.35505424250688483,0.663994686815923,0.5399056768083017,22.35005656836378,1.3744260788640035e-05
131,linear_g05,1.5,6.0,0.5,1.9167577124539537,0.029162252586283126,0.713825396977902,0.09729310267088692,0.2628495737504431,0.5952905759915164,0.4548116875163842,23.6570580762639,4.82926269529637e-07
132,linear_g05,1.5,10.0,0.5,1.7958181115563423,0.04509647230052216,0.5818482808988683,0.09128306939531389,0.22072270689637835,0.5570225458462895,0.4149681287276063,24.29634039071037,2.0472443378182045e-05
133,linear_g05,1.5,15.9109,0.5,1.7208320573180729,0.05711084173178603,0.49528837084480676,0.08657606402019768,0.19679932846593542,0.5328556754657906,0.3916998224016878,24.677459295120606,2.1171614235375976e-05
134,linear_g05,2.0,0.5,0.5,2.5885812973516047,5.155766379934851e-06,1.1221829923479905,0.18297396694261048,0.5846348203922174,0.7701016736933802,0.7591696702160031,18.59402848990406,6.0783954601855954e-05
135,linear_g05,2.0,1.0,0.5,2.5362188826359384,7.96008661357121e-05,1.1030466100917298,0.1716891146349807,0.5534080668765674,0.7615878117132905,0.7267082183794761,19.465926144533395,1.5043891104140602e-05
136,linear_g05,2.0,1.8,0.5,2.419514124014511,0.0007816919508489954,1.060071975694846,0.1556290627157822,0.4889385619478733,0.7363574334623272,0.6645156771828136,20.513262420167,1.1878222009315725e-05
137,linear_g05,2.0,3.0,0.5,2.2588322229290907,0.004322918357748507,0.9861182035305462,0.1324446018652944,0.4074443642033873,0.6957406617138536,0.5881693883961016,21.625842809667283,1.2978806746368426e-05
138,linear_g05,2.0,6.0,0.5,2.0129573939929823,0.019346336871633812,0.8072286564388699,0.10402605989239827,0.29958755895623407,0.6249720688939113,0.48881836114342214,23.115219448843256,1.7502930827082994e-05
139,linear_g05,2.0,10.0,0.5,1.8650126874804762,0.03549113777259023,0.6588368070724021,0.09233838375209269,0.24426512455230437,0.5790850369621795,0.43733365230532084,23.92900899057187,1.0802757123090404e-06
140,linear_g05,2.0,15.9109,0.5,1.768275667606402,0.049327856098472865,0.5501737904094269,0.08889229695994033,0.21173778157543258,0.5482127907879499,0.4062734344335308,24.433903503500076,2.174810321537898e-05
141,linear_g05,2.7233,0.5,0.5,2.595589378497455,1.252452816142008e-06,1.1247928224084933,0.16809374959903872,0.5890228430528913,0.7709596176420639,0.7640135348851362,18.334765782339684,1.269321835787086e-05
142,linear_g05,2.7233,1.0,0.5,2.570480642054958,2.0885741144930256e-05,1.1155057195443274,0.16374758498182235,0.5735065992362706,0.7676083218436999,0.7471500278429741,18.975609871755548,3.850631624628854e-06
143,linear_g05,2.7233,1.8,0.5,2.495151756867889,0.00021456581375346308,1.0882675165542044,0.160632419207404,0.5301265411363235,0.7533508071512732,0.7038424942780189,19.872348043795892,1.6102696547983015e-05
144,linear_g05,2.7233,3.0,0.5,2.368329233953334,0.0014986987896666495,1.0392467826560565,0.14309117369589885,0.46202352408282943,0.7240801772928568,0.6390411055258337,20.87437042978427,1.1661456014325197e-05
145,linear_g05,2.7233,6.0,0.5,2.127725607890512,0.010655766284034732,0.9018099075864908,0.1136572843452282,0.34735867710814616,0.659102468916687,0.5326939769606722,22.435421154926704,1.4987882875881797e-05
146,linear_g05,2.7233,10.0,0.5,1.955603647794399,0.024926893672643786,0.752784732781436,0.09805670449556331,0.2773022096609648,0.6074492716833754,0.46817275419673554,23.431618592333443,1.9435383118060896e-05
147,linear_g05,2.7233,15.9109,0.5,1.83326870377778,0.03974652655033746,0.623813651265856,0.08931974908004908,0.23327357584682226,0.569049984373247,0.4269030369559622,24.09312269658235,4.6596313173005494e-07
