diagnostic,name,value,notes,age,z,stationary_mass,transition_row,mass_share,mean_liquid_wealth,mean_income,own_rate,fertility_choice,wealth_bin,expected_completed_fertility_choice,mass
state_size,Nb,30,,,,,,,,,,,,,
state_size,tenure_states,7,,,,,,,,,,,,,
state_size,locations,2,,,,,,,,,,,,,
state_size,ages,60,,,,,,,,,,,,,
state_size,fertility_states,4,,,,,,,,,,,,,
state_size,child_age_states,7,,,,,,,,,,,,,
state_size,z_states,7,,,,,,,,,,,,,
state_size,mu_states,0,,,,,,,,,,,,,
z_process,,,,,-0.8573214099741122,0.01562500000002132,"[0.8590683010253906, 0.1321643540039064, 0.008472073974609392, 0.0002896435546875008, 5.57006835937502e-06, 5.712890625000026e-08, 2.441406250000014e-10]",,,,,,,,
z_process,,,,,-0.5715476066494081,0.09375000000004256,"[0.022027392333984392, 0.8618923256835935, 0.11028178344726572, 0.00565176269531251, 0.0001448693847656254, 1.8569335937500063e-06, 9.521484375000043e-09]",,,,,,,,
z_process,,,,,-0.28577380332470403,0.23437499999997863,"[0.0005648049316406259, 0.04411271337890628, 0.8635889685058593, 0.08828339355468756, 0.0033918005371093808, 5.794775390625015e-05, 3.7133789062500127e-07]",,,,,,,,
z_process,,,,,0.0,0.3124999999999147,"[1.4482177734375036e-05, 0.0016955288085937527, 0.06621254516601567, 0.8641548876953123, 0.06621254516601568, 0.0016955288085937527, 1.4482177734375036e-05]",,,,,,,,
z_process,,,,,0.28577380332470415,0.2343749999999788,"[3.7133789062500127e-07, 5.794775390625014e-05, 0.0033918005371093808, 0.08828339355468756, 0.8635889685058593, 0.04411271337890628, 0.0005648049316406259]",,,,,,,,
z_process,,,,,0.5715476066494083,0.09375000000004263,"[9.521484375000043e-09, 1.8569335937500065e-06, 0.0001448693847656254, 0.005651762695312509, 0.11028178344726572, 0.8618923256835935, 0.022027392333984392]",,,,,,,,
z_process,,,,,0.8573214099741122,0.015625000000021323,"[2.4414062500000133e-10, 5.712890625000025e-08, 5.570068359375019e-06, 0.00028964355468750076, 0.00847207397460939, 0.13216435400390636, 0.8590683010253904]",,,,,,,,
z_by_age,,,,18.0,-0.8573214099741122,,,0.015625000000021323,0.3188336912940299,0.19681656476750883,0.0,,,,
z_by_age,,,,18.0,-0.5715476066494081,,,0.09375000000004258,0.31883369129402983,0.26192179189108067,0.0,,,,
z_by_age,,,,18.0,-0.28577380332470403,,,0.2343749999999787,0.3188336912940298,0.34856326828218154,0.0,,,,
z_by_age,,,,18.0,0.0,,,0.31249999999991473,0.31883369129402983,0.4638649999999999,0.0,,,,
z_by_age,,,,18.0,0.28577380332470415,,,0.23437499999997882,0.3188336912940299,0.6173075530460287,0.0,,,,
z_by_age,,,,18.0,0.5715476066494083,,,0.09375000000004265,0.3188336912940299,0.8215075831280125,0.0,,,,
z_by_age,,,,18.0,0.8573214099741122,,,0.015625000000021327,0.31883369129402983,1.0932552271663314,0.0,,,,
z_by_age,,,,19.0,-0.8573214099741122,,,0.015624999999921016,0.32706635266963,0.19681656476750886,0.0,,,,
z_by_age,,,,19.0,-0.5715476066494081,,,0.09375000000003392,0.3898561313335553,0.26192179189108067,0.0,,,,
z_by_age,,,,19.0,-0.28577380332470403,,,0.23437500000000697,0.4738984117374896,0.3485632682821817,0.0,,,,
z_by_age,,,,19.0,0.0,,,0.31249999999995937,0.5834793390535469,0.46386499999999997,0.0,,,,
z_by_age,,,,19.0,0.28577380332470415,,,0.23437500000000808,0.7168452702373553,0.6173075530460288,0.0,,,,
z_by_age,,,,19.0,0.5715476066494083,,,0.09375000000004939,0.8405957814047609,0.8215075831280126,0.0,,,,
z_by_age,,,,19.0,0.8573214099741122,,,0.01562500000002106,0.8559411791911025,1.0932552271663316,0.0,,,,
z_by_age,,,,20.0,-0.8573214099741122,,,0.015624999999827752,0.3441154921571571,0.19681656476750883,0.0,,,,
z_by_age,,,,20.0,-0.5715476066494081,,,0.09375000000001409,0.4575238822497509,0.26192179189108067,0.0,,,,
z_by_age,,,,20.0,-0.28577380332470403,,,0.23437500000003766,0.5866218372152741,0.3485632682821816,0.0,,,,
z_by_age,,,,20.0,0.0,,,0.3125000000000098,0.7172208105191865,0.46386499999999986,0.0,,,,
z_by_age,,,,20.0,0.28577380332470415,,,0.23437500000004233,0.8583857531331244,0.6173075530460288,0.0,,,,
z_by_age,,,,20.0,0.5715476066494083,,,0.09375000000005704,1.0192206159886108,0.8215075831280128,0.0,,,,
z_by_age,,,,20.0,0.8573214099741122,,,0.0156250000000112,1.2028846619239977,1.0932552271663318,0.0,,,,
z_by_age,,,,21.0,-0.8573214099741122,,,0.015624999999752526,0.36756894336272816,0.19681656476750894,0.0,,,,
z_by_age,,,,21.0,-0.5715476066494081,,,0.09375000000000207,0.5190411742194077,0.2619217918910806,0.0,,,,
z_by_age,,,,21.0,-0.28577380332470403,,,0.23437500000010386,0.6667487758376006,0.34856326828218165,0.0,,,,
z_by_age,,,,21.0,0.0,,,0.31250000000011163,0.7885848157794892,0.4638649999999999,0.0,,,,
z_by_age,,,,21.0,0.28577380332470415,,,0.2343750000001141,0.9339261196515852,0.6173075530460286,0.0,,,,
z_by_age,,,,21.0,0.5715476066494083,,,0.0937500000000571,1.1757579539127352,0.8215075831280126,0.0,,,,
z_by_age,,,,21.0,0.8573214099741122,,,0.01562499999985871,1.5116300219899523,1.0932552271663316,0.0,,,,
z_by_age,,,,22.0,-0.8573214099741122,,,0.015624999999690121,0.39552310358956067,0.19681656476750883,1.1362834206065103e-10,,,,
z_by_age,,,,22.0,-0.5715476066494081,,,0.09374999999992709,0.5732078366015237,0.26192179189108067,1.2807450323101688e-11,,,,
z_by_age,,,,22.0,-0.28577380332470403,,,0.2343750000001033,0.7234012740794183,0.3485632682821816,1.570150557488528e-10,,,,
z_by_age,,,,22.0,0.0,,,0.31250000000021533,0.8302114312084135,0.4638649999999999,2.5728471910747412e-09,,,,
z_by_age,,,,22.0,0.28577380332470415,,,0.23437500000018893,0.9861174992726164,0.6173075530460287,3.44048523371205e-08,,,,
z_by_age,,,,22.0,0.5715476066494083,,,0.09375000000004714,1.3105741123726866,0.8215075831280126,5.942581117985911e-08,,,,
z_by_age,,,,22.0,0.8573214099741122,,,0.015624999999828162,1.7749862818255742,1.0932552271663316,2.1532914576119843e-06,,,,
z_by_age,,,,23.0,-0.8573214099741122,,,0.015624999999592123,0.426315775528578,0.1968165647675089,2.5098698698376592e-08,,,,
z_by_age,,,,23.0,-0.5715476066494081,,,0.09374999999986475,0.6198686137828915,0.2619217918910806,3.314790221710257e-07,,,,
z_by_age,,,,23.0,-0.28577380332470403,,,0.23437500000020292,0.7636264376447292,0.3485632682821816,3.8203084671845405e-06,,,,
z_by_age,,,,23.0,0.0,,,0.31250000000034855,0.8567855655265177,0.46386499999999986,3.26905008011181e-05,,,,
z_by_age,,,,23.0,0.28577380332470415,,,0.23437500000029243,1.024921292878365,0.6173075530460286,8.247531767810518e-06,,,,
z_by_age,,,,23.0,0.5715476066494083,,,0.09374999999994763,1.4205740850885382,0.8215075831280124,0.00019092479967740237,,,,
z_by_age,,,,23.0,0.8573214099741122,,,0.015624999999751367,1.9607075744021998,1.0932552271663314,0.007434890953953344,,,,
z_by_age,,,,24.0,-0.8573214099741122,,,0.015624999999459365,0.4584852999477109,0.19681656476750886,3.4504593157851307e-07,,,,
z_by_age,,,,24.0,-0.5715476066494081,,,0.09374999999972153,0.6593063569849389,0.2619217918910806,5.482868458173491e-06,,,,
z_by_age,,,,24.0,-0.28577380332470403,,,0.2343750000003467,0.7914293291167469,0.3485632682821815,9.518323788907506e-05,,,,
z_by_age,,,,24.0,0.0,,,0.31250000000075967,0.8693264985586262,0.4638649999999998,0.0016079342138539808,,,,
z_by_age,,,,24.0,0.28577380332470415,,,0.23437500000042583,0.9839503581925162,0.6173075530460289,0.019360698349897402,,,,
z_by_age,,,,24.0,0.5715476066494083,,,0.09374999999984635,1.4797887435107342,0.8215075831280129,0.006358184992891908,,,,
z_by_age,,,,24.0,0.8573214099741122,,,0.015624999999440614,1.9525772591409136,1.0932552271663316,0.046113924664106395,,,,
z_by_age,,,,25.0,-0.8573214099741122,,,0.015624999999233448,0.44420520919819917,0.2919155420799513,1.1121972009685417e-05,,,,
z_by_age,,,,25.0,-0.5715476066494081,,,0.09374999999941983,0.5795639859209241,0.3884786931057091,0.00010228063545146178,,,,
z_by_age,,,,25.0,-0.28577380332470403,,,0.234375000000584,0.6879953607833218,0.5169841041070234,0.0006455799970260267,,,,
z_by_age,,,,25.0,0.0,,,0.3125000000011279,0.8016025293702774,0.6879979999999998,0.004867776800140453,,,,
z_by_age,,,,25.0,0.28577380332470415,,,0.23437500000066713,0.9920623558453789,0.9155818220399505,0.018846781567911215,,,,
z_by_age,,,,25.0,0.5715476066494083,,,0.09374999999975274,1.4645308825380985,1.2184484153296895,0.022999323980108642,,,,
z_by_age,,,,25.0,0.8573214099741122,,,0.015624999999214928,1.9688000658158484,1.6215006732130723,0.07050973761574647,,,,
z_by_age,,,,26.0,-0.8573214099741122,,,0.01562499999876282,0.4567370196342243,0.29191554207995124,3.5307078413437255e-05,,,,
z_by_age,,,,26.0,-0.5715476066494081,,,0.0937499999993515,0.5851489885559867,0.3884786931057092,0.0002445473430380164,,,,
z_by_age,,,,26.0,-0.28577380332470403,,,0.23437500000092978,0.7210484159160427,0.5169841041070233,0.001287879426356522,,,,
z_by_age,,,,26.0,0.0,,,0.31250000000161215,0.9443544930218885,0.6879979999999998,0.0065106618448326345,,,,
z_by_age,,,,26.0,0.28577380332470415,,,0.23437500000090147,1.2768069904736727,0.9155818220399504,0.019871609795715034,,,,
z_by_age,,,,26.0,0.5715476066494083,,,0.09374999999948581,1.8161729077573001,1.2184484153296895,0.04023421329233324,,,,
z_by_age,,,,26.0,0.8573214099741122,,,0.015624999998956682,2.4690847563095546,1.6215006732130728,0.09073681889994807,,,,
z_by_age,,,,27.0,-0.8573214099741122,,,0.015624999998228136,0.4666753341472242,0.29191554207995113,9.581823489808138e-05,,,,
z_by_age,,,,27.0,-0.5715476066494081,,,0.093749999999046,0.5925244996126916,0.3884786931057091,0.0006317795401905378,,,,
z_by_age,,,,27.0,-0.28577380332470403,,,0.23437500000116782,0.7549202270149528,0.5169841041070233,0.003371197406584602,,,,
z_by_age,,,,27.0,0.0,,,0.3125000000023273,1.0455304006775732,0.6879980000000001,0.019026842431549028,,,,
z_by_age,,,,27.0,0.28577380332470415,,,0.23437500000127617,1.5077842565168562,0.9155818220399506,0.029594845177695495,,,,
z_by_age,,,,27.0,0.5715476066494083,,,0.09374999999933217,2.0394657528887006,1.2184484153296895,0.08001074481185343,,,,
z_by_age,,,,27.0,0.8573214099741122,,,0.015624999998622472,2.5329137683606566,1.6215006732130723,0.18240564109109855,,,,
z_by_age,,,,28.0,-0.8573214099741122,,,0.015624999997693656,0.47451363562640597,0.29191554207995124,0.0002886117965962171,,,,
z_by_age,,,,28.0,-0.5715476066494081,,,0.09374999999827505,0.5995386170750079,0.38847869310570904,0.0018846670121428375,,,,
z_by_age,,,,28.0,-0.28577380332470403,,,0.23437500000127565,0.7788240064469713,0.5169841041070234,0.009993900668314657,,,,
z_by_age,,,,28.0,0.0,,,0.312500000003138,1.0469572609946804,0.6879980000000001,0.058386352821728264,,,,
z_by_age,,,,28.0,0.28577380332470415,,,0.23437500000194886,1.660856382343879,0.9155818220399506,0.054576197992432844,,,,
z_by_age,,,,28.0,0.5715476066494083,,,0.09374999999935354,2.1188995460087026,1.2184484153296895,0.14438951476137984,,,,
z_by_age,,,,28.0,0.8573214099741122,,,0.015624999998315042,2.225339671924772,1.6215006732130728,0.3316049441139699,,,,
z_by_age,,,,29.0,-0.8573214099741122,,,0.015624999997319335,0.4807297538006601,0.2919155420799511,0.0007741630508836973,,,,
z_by_age,,,,29.0,-0.5715476066494081,,,0.09374999999758944,0.6037568247391912,0.388478693105709,0.004674095853491419,,,,
z_by_age,,,,29.0,-0.28577380332470403,,,0.23437500000133202,0.7880781199909939,0.5169841041070236,0.02191114624106259,,,,
z_by_age,,,,29.0,0.0,,,0.3125000000037089,1.0067734980013066,0.6879979999999998,0.10758770062794366,,,,
z_by_age,,,,29.0,0.28577380332470415,,,0.2343750000023969,1.809780426502454,0.9155818220399505,0.07675484795698789,,,,
z_by_age,,,,29.0,0.5715476066494083,,,0.09374999999936512,2.127770709211406,1.2184484153296895,0.2172046439583877,,,,
z_by_age,,,,29.0,0.8573214099741122,,,0.015624999998288215,1.8519348322057088,1.6215006732130726,0.4849246598603898,,,,
z_by_age,,,,30.0,-0.8573214099741122,,,0.015624999996489282,0.4849883952720406,0.2919155420799513,0.0017317630158506234,,,,
z_by_age,,,,30.0,-0.5715476066494081,,,0.09374999999719544,0.604455121055594,0.38847869310570915,0.009289844072144657,,,,
z_by_age,,,,30.0,-0.28577380332470403,,,0.2343750000014997,0.7844024706504678,0.5169841041070236,0.038455480454153625,,,,
z_by_age,,,,30.0,0.0,,,0.3125000000045918,0.9518318204816089,0.6879979999999998,0.15840039557012292,,,,
z_by_age,,,,30.0,0.28577380332470415,,,0.23437500000293032,1.8812782015347307,0.9155818220399505,0.11334799428179479,,,,
z_by_age,,,,30.0,0.5715476066494083,,,0.09374999999916028,1.847891802316055,1.2184484153296897,0.34130087695250766,,,,
z_by_age,,,,30.0,0.8573214099741122,,,0.015624999998133004,1.5805157345011154,1.6215006732130721,0.6146354470239219,,,,
z_by_age,,,,31.0,-0.8573214099741122,,,0.01562499999560952,0.4872777269262265,0.2919155420799512,0.003287804753641653,,,,
z_by_age,,,,31.0,-0.5715476066494081,,,0.0937499999966551,0.6024836815890253,0.3884786931057091,0.015344979819840714,,,,
z_by_age,,,,31.0,-0.28577380332470403,,,0.23437500000168113,0.7820186574171916,0.5169841041070234,0.05474955212060627,,,,
z_by_age,,,,31.0,0.0,,,0.3125000000053636,0.8939480519496438,0.6879979999999999,0.20699472219760812,,,,
z_by_age,,,,31.0,0.28577380332470415,,,0.23437500000351483,1.864767520992305,0.9155818220399505,0.16663800236771037,,,,
z_by_age,,,,31.0,0.5715476066494083,,,0.09374999999912273,1.7520071913109474,1.2184484153296895,0.4227988222384042,,,,
z_by_age,,,,31.0,0.8573214099741122,,,0.01562499999805325,1.5983459045000903,1.6215006732130723,0.6860883313023514,,,,
z_by_age,,,,32.0,-0.8573214099741122,,,0.015624999994865182,0.4864758464206203,0.29191554207995113,0.005697718409595276,,,,
z_by_age,,,,32.0,-0.5715476066494081,,,0.09374999999623806,0.5929075405563552,0.3884786931057091,0.02397283645234598,,,,
z_by_age,,,,32.0,-0.28577380332470403,,,0.2343750000018286,0.7738073542890258,0.5169841041070233,0.07294485842028085,,,,
z_by_age,,,,32.0,0.0,,,0.3125000000058751,0.8595318270516511,0.6879979999999999,0.2457081817240173,,,,
z_by_age,,,,32.0,0.28577380332470415,,,0.23437500000373185,1.774530700521126,0.9155818220399506,0.23228309190010968,,,,
z_by_age,,,,32.0,0.5715476066494083,,,0.09374999999930246,1.8925417111663916,1.2184484153296895,0.45118894580023833,,,,
z_by_age,,,,32.0,0.8573214099741122,,,0.015624999998158884,1.4744309609173913,1.6215006732130728,0.7687510563837047,,,,
z_by_age,,,,33.0,-0.8573214099741122,,,0.01562499999473484,0.4822972294488346,0.2919155420799512,0.008903618197937299,,,,
z_by_age,,,,33.0,-0.5715476066494081,,,0.09374999999587098,0.5803248293229124,0.38847869310570915,0.03376826458532555,,,,
z_by_age,,,,33.0,-0.28577380332470403,,,0.23437500000191874,0.7570121368755509,0.5169841041070232,0.09376607384311525,,,,
z_by_age,,,,33.0,0.0,,,0.3125000000061827,0.8151610390901853,0.687998,0.28433690804097445,,,,
z_by_age,,,,33.0,0.28577380332470415,,,0.23437500000388087,1.6847714762084651,0.9155818220399504,0.293563755937294,,,,
z_by_age,,,,33.0,0.5715476066494083,,,0.09374999999916996,1.8640407886403934,1.2184484153296895,0.505591297907615,,,,
z_by_age,,,,33.0,0.8573214099741122,,,0.0156249999982418,1.404579201340937,1.621500673213073,0.8373621690293575,,,,
z_by_age,,,,34.0,-0.8573214099741122,,,0.01562499999438099,0.47223218068059303,0.2919155420799511,0.013496705067093877,,,,
z_by_age,,,,34.0,-0.5715476066494081,,,0.09374999999551055,0.5376154204819075,0.38847869310570915,0.05253715557231566,,,,
z_by_age,,,,34.0,-0.28577380332470403,,,0.23437500000201283,0.5143071363154674,0.5169841041070233,0.1814341862445405,,,,
z_by_age,,,,34.0,0.0,,,0.3125000000064888,0.3302749787686489,0.6879979999999998,0.4453901021874349,,,,
z_by_age,,,,34.0,0.28577380332470415,,,0.23437500000400446,1.5546428169467263,0.9155818220399504,0.3610935633793451,,,,
z_by_age,,,,34.0,0.5715476066494083,,,0.09374999999928187,1.8131884993585368,1.2184484153296895,0.5571656179992197,,,,
z_by_age,,,,34.0,0.8573214099741122,,,0.015624999998320468,1.5407075844126734,1.6215006732130728,0.8626892940368673,,,,
z_by_age,,,,35.0,-0.8573214099741122,,,0.015624999994735815,0.4542112256830785,0.3483479022433785,0.019627476774048937,,,,
z_by_age,,,,35.0,-0.5715476066494081,,,0.09374999999533618,0.49386337411600467,0.4635783927275766,0.07061789328948148,,,,
z_by_age,,,,35.0,-0.28577380332470403,,,0.23437500000180142,0.4578729068818361,0.6169261385525338,0.21080066153292565,,,,
z_by_age,,,,35.0,0.0,,,0.3125000000063632,0.13969642666972226,0.821,0.5122693261928948,,,,
z_by_age,,,,35.0,0.28577380332470415,,,0.2343750000040072,1.3771376755439177,1.0925797399044759,0.4331390571157547,,,,
z_by_age,,,,35.0,0.5715476066494083,,,0.093749999999347,1.719671780841504,1.4539957223504647,0.6117485969682905,,,,
z_by_age,,,,35.0,0.8573214099741122,,,0.015624999998409387,1.6676707815877927,1.9349650038342159,0.8819753293430784,,,,
z_by_age,,,,36.0,-0.8573214099741122,,,0.015624999995144613,0.4288366425224837,0.34834790224337864,0.03554158526861497,,,,
z_by_age,,,,36.0,-0.5715476066494081,,,0.0937499999953503,0.3358725208598508,0.46357839272757656,0.14218442987007646,,,,
z_by_age,,,,36.0,-0.28577380332470403,,,0.2343750000013321,0.4773181106508647,0.616926138552534,0.24219842128736224,,,,
z_by_age,,,,36.0,0.0,,,0.3125000000061303,0.27831955050441787,0.8210000000000002,0.527535302999663,,,,
z_by_age,,,,36.0,0.28577380332470415,,,0.23437500000402303,1.346381418327237,1.0925797399044754,0.5070875168374978,,,,
z_by_age,,,,36.0,0.5715476066494083,,,0.09374999999945384,1.7193043081198887,1.4539957223504654,0.6847695108492263,,,,
z_by_age,,,,36.0,0.8573214099741122,,,0.015624999998565805,2.0096262872993385,1.9349650038342157,0.9030982277060859,,,,
z_by_age,,,,37.0,-0.8573214099741122,,,0.015624999995348256,0.40502076653173047,0.3483479022433786,0.05239603498756866,,,,
z_by_age,,,,37.0,-0.5715476066494081,,,0.09374999999540923,0.3074184098320456,0.46357839272757656,0.17077637287114258,,,,
z_by_age,,,,37.0,-0.28577380332470403,,,0.23437500000104186,0.46368111416748997,0.616926138552534,0.28239449842735337,,,,
z_by_age,,,,37.0,0.0,,,0.31250000000587635,0.28418550344858723,0.8209999999999998,0.5751766093436044,,,,
z_by_age,,,,37.0,0.28577380332470415,,,0.2343750000040848,1.2752870829861418,1.0925797399044754,0.5847430476320881,,,,
z_by_age,,,,37.0,0.5715476066494083,,,0.0937499999995935,1.6999046775781133,1.453995722350465,0.7572534896513006,,,,
z_by_age,,,,37.0,0.8573214099741122,,,0.015624999998645838,2.2801376523702994,1.9349650038342157,0.9297727173803102,,,,
z_by_age,,,,38.0,-0.8573214099741122,,,0.015624999995735071,0.3833349552043133,0.3483479022433784,0.06999159303492239,,,,
z_by_age,,,,38.0,-0.5715476066494081,,,0.0937499999953959,0.2763898562800365,0.46357839272757656,0.20166901877191512,,,,
z_by_age,,,,38.0,-0.28577380332470403,,,0.23437500000085104,0.4460754118594644,0.6169261385525338,0.3229178944815255,,,,
z_by_age,,,,38.0,0.0,,,0.3125000000056255,0.3034446182987109,0.821,0.6163597828903931,,,,
z_by_age,,,,38.0,0.28577380332470415,,,0.23437500000403516,1.219204005702769,1.0925797399044757,0.6544380723262689,,,,
z_by_age,,,,38.0,0.5715476066494083,,,0.09374999999963925,1.7350819716858976,1.4539957223504651,0.8145443091765449,,,,
z_by_age,,,,38.0,0.8573214099741122,,,0.01562499999871803,2.5582743666935093,1.9349650038342157,0.9496338822272387,,,,
z_by_age,,,,39.0,-0.8573214099741122,,,0.015624999995945464,0.3610708097390002,0.34834790224337847,0.08907036979821674,,,,
z_by_age,,,,39.0,-0.5715476066494081,,,0.09374999999548145,0.2455712187339823,0.46357839272757645,0.23355022644664794,,,,
z_by_age,,,,39.0,-0.28577380332470403,,,0.23437500000065628,0.4281808174056026,0.6169261385525339,0.362321172983282,,,,
z_by_age,,,,39.0,0.0,,,0.3125000000054604,0.3328383385042276,0.821,0.6517290743884339,,,,
z_by_age,,,,39.0,0.28577380332470415,,,0.23437500000395473,1.173019855306878,1.0925797399044754,0.7172060235521966,,,,
z_by_age,,,,39.0,0.5715476066494083,,,0.09374999999971559,1.7971215417499824,1.4539957223504647,0.8611232413611511,,,,
z_by_age,,,,39.0,0.8573214099741122,,,0.015624999998786242,2.8506614544846625,1.9349650038342152,0.9638109861931357,,,,
z_by_age,,,,40.0,-0.8573214099741122,,,0.015624999996268294,0.3407375893745628,0.34834790224337864,0.10880115601939086,,,,
z_by_age,,,,40.0,-0.5715476066494081,,,0.09374999999543226,0.21774008116323973,0.46357839272757645,0.26515407432320365,,,,
z_by_age,,,,40.0,-0.28577380332470403,,,0.23437500000039818,0.41501639106967864,0.6169261385525339,0.39886463036867503,,,,
z_by_age,,,,40.0,0.0,,,0.31250000000530415,0.37687796795451406,0.8209999999999998,0.6799934145779561,,,,
z_by_age,,,,40.0,0.28577380332470415,,,0.2343750000038764,1.1482993143191715,1.0925797399044757,0.7705961195857703,,,,
z_by_age,,,,40.0,0.5715476066494083,,,0.09374999999984589,1.8789405854860037,1.4539957223504647,0.8978258803217924,,,,
z_by_age,,,,40.0,0.8573214099741122,,,0.015624999998874947,3.1450256613867515,1.9349650038342154,0.9741003311705967,,,,
z_by_age,,,,41.0,-0.8573214099741122,,,0.015624999996608126,0.3223022233752785,0.3483479022433786,0.12906710195835047,,,,
z_by_age,,,,41.0,-0.5715476066494081,,,0.09374999999547844,0.1936154893720901,0.4635783927275765,0.2959570189620181,,,,
z_by_age,,,,41.0,-0.28577380332470403,,,0.23437500000026135,0.4061301067279608,0.6169261385525338,0.43254033066260283,,,,
z_by_age,,,,41.0,0.0,,,0.3125000000051333,0.42219532421860445,0.8210000000000001,0.7045960353634076,,,,
z_by_age,,,,41.0,0.28577380332470415,,,0.23437500000372552,1.1438196321098426,1.0925797399044759,0.8143684564297093,,,,
z_by_age,,,,41.0,0.5715476066494083,,,0.09374999999992797,1.9787760852695042,1.453995722350465,0.9255510938948055,,,,
z_by_age,,,,41.0,0.8573214099741122,,,0.015624999998865022,3.4302078058801313,1.9349650038342157,0.9815002367750214,,,,
z_by_age,,,,42.0,-0.8573214099741122,,,0.015624999996907644,0.30764533937109223,0.3483479022433785,0.14917497054756315,,,,
z_by_age,,,,42.0,-0.5715476066494081,,,0.09374999999564682,0.17710048204096077,0.4635783927275765,0.3241882788656724,,,,
z_by_age,,,,42.0,-0.28577380332470403,,,0.23437500000008415,0.39522534756142486,0.6169261385525336,0.46450182660739425,,,,
z_by_age,,,,42.0,0.0,,,0.3125000000048772,0.45583130724458015,0.8210000000000001,0.7281670089628597,,,,
z_by_age,,,,42.0,0.28577380332470415,,,0.23437500000359365,1.151311022369568,1.0925797399044757,0.8498957669229471,,,,
z_by_age,,,,42.0,0.5715476066494083,,,0.09374999999997193,2.0803946979831562,1.4539957223504647,0.9472878439003876,,,,
z_by_age,,,,42.0,0.8573214099741122,,,0.015624999998918592,3.694361220135699,1.934965003834216,0.9870970579953345,,,,
z_by_age,,,,43.0,-0.8573214099741122,,,0.015624999997138955,0.2921900250643363,0.3483479022433785,0.17039533694967074,,,,
z_by_age,,,,43.0,-0.5715476066494081,,,0.09374999999579069,0.1418742055750978,0.4635783927275765,0.35756589486151386,,,,
z_by_age,,,,43.0,-0.28577380332470403,,,0.23437499999999295,0.24054833983011545,0.6169261385525339,0.5364928664413151,,,,
z_by_age,,,,43.0,0.0,,,0.31250000000469974,0.37263342251584197,0.8209999999999998,0.7755957610173853,,,,
z_by_age,,,,43.0,0.28577380332470415,,,0.2343750000034723,1.0347375554852245,1.0925797399044754,0.9045807527819495,,,,
z_by_age,,,,43.0,0.5715476066494083,,,0.09374999999998367,2.1088568932801883,1.4539957223504647,0.9766146777087515,,,,
z_by_age,,,,43.0,0.8573214099741122,,,0.015624999998922126,3.9182165029970144,1.9349650038342157,0.9936628628620513,,,,
z_by_age,,,,44.0,-0.8573214099741122,,,0.015624999997288965,0.28136746882767444,0.3483479022433785,0.19082110202151564,,,,
z_by_age,,,,44.0,-0.5715476066494081,,,0.09374999999592264,0.1310172499197901,0.4635783927275766,0.38335631439861706,,,,
z_by_age,,,,44.0,-0.28577380332470403,,,0.23437499999995595,0.23474288506401295,0.616926138552534,0.5640407725822956,,,,
z_by_age,,,,44.0,0.0,,,0.31250000000458283,0.41669438108831947,0.821,0.792270264028737,,,,
z_by_age,,,,44.0,0.28577380332470415,,,0.23437500000338118,1.1309586703907548,1.0925797399044757,0.9158410221656752,,,,
z_by_age,,,,44.0,0.5715476066494083,,,0.09374999999994028,2.2796203588518935,1.4539957223504651,0.98188476262753,,,,
z_by_age,,,,44.0,0.8573214099741122,,,0.01562499999892826,4.162935888930089,1.9349650038342157,0.9955191708752507,,,,
z_by_age,,,,45.0,-0.8573214099741122,,,0.015624999997329053,0.2768276778705963,0.3431226837097278,0.20956404527011357,,,,
z_by_age,,,,45.0,-0.5715476066494081,,,0.09374999999610831,0.14743472620867765,0.45662471683666295,0.39944063954609,,,,
z_by_age,,,,45.0,-0.28577380332470403,,,0.23437499999996905,0.23442294125803945,0.6076722464742459,0.5895073537107987,,,,
z_by_age,,,,45.0,0.0,,,0.31250000000450945,0.45485165647078346,0.8086850000000001,0.8099836434845512,,,,
z_by_age,,,,45.0,0.28577380332470415,,,0.23437500000329192,1.220475855615094,1.0761910438059086,0.9272196160236894,,,,
z_by_age,,,,45.0,0.5715476066494083,,,0.09374999999993373,2.44458639155181,1.432185786515208,0.985410351882302,,,,
z_by_age,,,,45.0,0.8573214099741122,,,0.01562499999885838,4.397782766887073,1.9059405287767028,0.9964581840365037,,,,
z_by_age,,,,46.0,-0.8573214099741122,,,0.015624999997434618,0.2711702239248635,0.3431226837097279,0.22889856741974135,,,,
z_by_age,,,,46.0,-0.5715476066494081,,,0.0937499999962742,0.16276698766305334,0.456624716836663,0.4146480284108658,,,,
z_by_age,,,,46.0,-0.28577380332470403,,,0.23437499999999686,0.23143089300736833,0.607672246474246,0.6129211821624082,,,,
z_by_age,,,,46.0,0.0,,,0.31250000000441674,0.48563468004748955,0.808685,0.8261442414656346,,,,
z_by_age,,,,46.0,0.28577380332470415,,,0.23437500000327804,1.2948353686509904,1.0761910438059088,0.9372544888337411,,,,
z_by_age,,,,46.0,0.5715476066494083,,,0.0937499999998813,2.5891711603854706,1.432185786515208,0.9877457745338737,,,,
z_by_age,,,,46.0,0.8573214099741122,,,0.015624999998718176,4.596566938609122,1.905940528776702,0.9970338379002152,,,,
z_by_age,,,,47.0,-0.8573214099741122,,,0.015624999997496296,0.2749290310150346,0.3431226837097279,0.2446311777312264,,,,
z_by_age,,,,47.0,-0.5715476066494081,,,0.09374999999637877,0.17668071871534446,0.45662471683666295,0.42994030843990305,,,,
z_by_age,,,,47.0,-0.28577380332470403,,,0.23437500000007136,0.23641052690689088,0.607672246474246,0.6333477192288512,,,,
z_by_age,,,,47.0,0.0,,,0.31250000000438527,0.5262496715049167,0.808685,0.8392168802445844,,,,
z_by_age,,,,47.0,0.28577380332470415,,,0.23437500000333106,1.3790614276609192,1.0761910438059084,0.9446767905228189,,,,
z_by_age,,,,47.0,0.5715476066494083,,,0.09374999999982403,2.7264728635448194,1.4321857865152077,0.9891179484000737,,,,
z_by_age,,,,47.0,0.8573214099741122,,,0.015624999998513413,4.775311311742372,1.905940528776702,0.9973183953175242,,,,
z_by_age,,,,48.0,-0.8573214099741122,,,0.015624999997652548,0.27881862216870634,0.3431226837097279,0.26040543013820217,,,,
z_by_age,,,,48.0,-0.5715476066494081,,,0.09374999999650395,0.18627003873103265,0.45662471683666295,0.4460997697016504,,,,
z_by_age,,,,48.0,-0.28577380332470403,,,0.23437500000007228,0.2455049643997005,0.607672246474246,0.6521897291755523,,,,
z_by_age,,,,48.0,0.0,,,0.3125000000042387,0.5729808534232452,0.808685,0.8507729540759794,,,,
z_by_age,,,,48.0,0.28577380332470415,,,0.2343750000032299,1.461619361104293,1.0761910438059086,0.9506585687526485,,,,
z_by_age,,,,48.0,0.5715476066494083,,,0.09374999999972855,2.8592504205271134,1.4321857865152081,0.9901819914113514,,,,
z_by_age,,,,48.0,0.8573214099741122,,,0.015624999998573934,4.951136785765214,1.9059405287767022,0.9975314948860402,,,,
z_by_age,,,,49.0,-0.8573214099741122,,,0.015624999997758888,0.27271866605106354,0.3431226837097279,0.2813844834375426,,,,
z_by_age,,,,49.0,-0.5715476066494081,,,0.0937499999965733,0.1977270188010065,0.456624716836663,0.4615118486844963,,,,
z_by_age,,,,49.0,-0.28577380332470403,,,0.2343750000001353,0.2580079832109845,0.607672246474246,0.6696415122473411,,,,
z_by_age,,,,49.0,0.0,,,0.3125000000041836,0.620896253915471,0.8086850000000001,0.8615563253293863,,,,
z_by_age,,,,49.0,0.28577380332470415,,,0.23437500000313685,1.5521535900995298,1.0761910438059086,0.9555751068493383,,,,
z_by_age,,,,49.0,0.5715476066494083,,,0.0937499999995645,2.9916455479113897,1.4321857865152083,0.9910674977130179,,,,
z_by_age,,,,49.0,0.8573214099741122,,,0.015624999998647335,5.118017299255484,1.9059405287767024,0.9977232639206435,,,,
z_by_age,,,,50.0,-0.8573214099741122,,,0.015624999997819189,0.2790594699517865,0.34312268370972787,0.296222210255677,,,,
z_by_age,,,,50.0,-0.5715476066494081,,,0.09374999999657856,0.2028835587573452,0.4566247168366629,0.4779793928240942,,,,
z_by_age,,,,50.0,-0.28577380332470403,,,0.23437500000011993,0.27124942134543223,0.6076722464742459,0.6863157298806934,,,,
z_by_age,,,,50.0,0.0,,,0.3125000000042031,0.6628556481556879,0.808685,0.8731951886674545,,,,
z_by_age,,,,50.0,0.28577380332470415,,,0.23437500000308367,1.638861975198193,1.0761910438059088,0.9600359101835978,,,,
z_by_age,,,,50.0,0.5715476066494083,,,0.09374999999951159,3.111093442951286,1.4321857865152083,0.991694031695804,,,,
z_by_age,,,,50.0,0.8573214099741122,,,0.01562499999868397,5.273871855129485,1.9059405287767024,0.9978745796832015,,,,
z_by_age,,,,51.0,-0.8573214099741122,,,0.0156249999978632,0.29029531268508113,0.3431226837097279,0.3091512076749325,,,,
z_by_age,,,,51.0,-0.5715476066494081,,,0.09374999999663929,0.20970839098183192,0.45662471683666284,0.49363070892629096,,,,
z_by_age,,,,51.0,-0.28577380332470403,,,0.23437500000012584,0.2935929790118929,0.6076722464742459,0.7000537497530758,,,,
z_by_age,,,,51.0,0.0,,,0.31250000000419315,0.7148426493983224,0.8086850000000001,0.8822744432979494,,,,
z_by_age,,,,51.0,0.28577380332470415,,,0.23437500000299202,1.729767600682991,1.0761910438059086,0.9635582897582572,,,,
z_by_age,,,,51.0,0.5715476066494083,,,0.09374999999946389,3.2298123888122983,1.432185786515208,0.992331937155737,,,,
z_by_age,,,,51.0,0.8573214099741122,,,0.015624999998722149,5.426035102962932,1.9059405287767024,0.9980350963273106,,,,
z_by_age,,,,52.0,-0.8573214099741122,,,0.015624999997893858,0.3023524243385318,0.3431226837097279,0.32156288726865145,,,,
z_by_age,,,,52.0,-0.5715476066494081,,,0.09374999999667183,0.2165240342451402,0.4566247168366628,0.5089006306665455,,,,
z_by_age,,,,52.0,-0.28577380332470403,,,0.23437500000020617,0.3167937759577355,0.6076722464742459,0.713135406087629,,,,
z_by_age,,,,52.0,0.0,,,0.31250000000416067,0.775253797590666,0.8086850000000002,0.8890716031248627,,,,
z_by_age,,,,52.0,0.28577380332470415,,,0.2343750000029234,1.8229360382504407,1.0761910438059084,0.9654316099232271,,,,
z_by_age,,,,52.0,0.5715476066494083,,,0.09374999999943019,3.353291639157803,1.4321857865152083,0.9924717253365117,,,,
z_by_age,,,,52.0,0.8573214099741122,,,0.015624999998713852,5.573071998555657,1.905940528776702,0.9981663395788141,,,,
z_by_age,,,,53.0,-0.8573214099741122,,,0.015624999997833679,0.31165100151996145,0.3431226837097279,0.3339840865398579,,,,
z_by_age,,,,53.0,-0.5715476066494081,,,0.09374999999663508,0.2232829734781287,0.456624716836663,0.5237473011987913,,,,
z_by_age,,,,53.0,-0.28577380332470403,,,0.2343750000002829,0.3396679730570335,0.6076722464742459,0.7259039009354196,,,,
z_by_age,,,,53.0,0.0,,,0.3125000000042242,0.8310396730685209,0.8086849999999997,0.8966536544001853,,,,
z_by_age,,,,53.0,0.28577380332470415,,,0.2343750000028313,1.9120353130920886,1.0761910438059081,0.9678110975363855,,,,
z_by_age,,,,53.0,0.5715476066494083,,,0.0937499999994583,3.4699136586342036,1.4321857865152083,0.992979716735283,,,,
z_by_age,,,,53.0,0.8573214099741122,,,0.015624999998734544,5.71730424732325,1.9059405287767024,0.998326768285416,,,,
z_by_age,,,,54.0,-0.8573214099741122,,,0.015624999997853432,0.3191574134893338,0.3431226837097278,0.34619971132054767,,,,
z_by_age,,,,54.0,-0.5715476066494081,,,0.09374999999670298,0.2267083886942851,0.45662471683666284,0.5388397746490647,,,,
z_by_age,,,,54.0,-0.28577380332470403,,,0.23437500000036338,0.3596365196919668,0.6076722464742458,0.7389065032339703,,,,
z_by_age,,,,54.0,0.0,,,0.31250000000402434,0.8891756956786967,0.8086849999999999,0.903266434128571,,,,
z_by_age,,,,54.0,0.28577380332470415,,,0.23437500000282885,1.996090348964223,1.0761910438059086,0.9716683670750904,,,,
z_by_age,,,,54.0,0.5715476066494083,,,0.0937499999995182,3.583977170266672,1.4321857865152083,0.9939161228961307,,,,
z_by_age,,,,54.0,0.8573214099741122,,,0.015624999998708674,5.85809780968693,1.9059405287767028,0.9985012332343249,,,,
z_by_age,,,,55.0,-0.8573214099741122,,,0.01562499999775494,0.32222788869443014,0.32570528859755893,0.3585940123207066,,,,
z_by_age,,,,55.0,-0.5715476066494081,,,0.09374999999673388,0.22587158109166863,0.43344579720028387,0.5543156819073412,,,,
z_by_age,,,,55.0,-0.28577380332470403,,,0.2343750000003939,0.37866271025219933,0.5768259395466191,0.751687939789978,,,,
z_by_age,,,,55.0,0.0,,,0.3125000000040126,0.9368257934505801,0.7676350000000001,0.9126089723545537,,,,
z_by_age,,,,55.0,0.28577380332470415,,,0.23437500000281156,2.0870523502557004,1.0215620568106847,0.9741815883818614,,,,
z_by_age,,,,55.0,0.5715476066494083,,,0.09374999999956449,3.697460160172081,1.3594860003976845,0.9946572455032272,,,,
z_by_age,,,,55.0,0.8573214099741122,,,0.01562499999872861,5.993548756630483,1.8091922785849917,0.9988793344726923,,,,
z_by_age,,,,56.0,-0.8573214099741122,,,0.01562499999766594,0.3550583870349355,0.325705288597559,0.3531330319949438,,,,
z_by_age,,,,56.0,-0.5715476066494081,,,0.09374999999684686,0.20668127054999566,0.4334457972002841,0.5682131494580719,,,,
z_by_age,,,,56.0,-0.28577380332470403,,,0.23437500000047562,0.3799009961963275,0.5768259395466192,0.7621770896832104,,,,
z_by_age,,,,56.0,0.0,,,0.3125000000040978,0.9555972299740599,0.7676349999999998,0.9183512292325474,,,,
z_by_age,,,,56.0,0.28577380332470415,,,0.23437500000280032,2.1225516008548695,1.0215620568106847,0.976433462447488,,,,
z_by_age,,,,56.0,0.5715476066494083,,,0.09374999999949954,3.7405540280640786,1.359486000397685,0.995672867312116,,,,
z_by_age,,,,56.0,0.8573214099741122,,,0.015624999998613888,6.04662152390644,1.8091922785849919,0.9990643437675301,,,,
z_by_age,,,,57.0,-0.8573214099741122,,,0.015624999997784961,0.34527353124232574,0.32570528859755893,0.3620333575093248,,,,
z_by_age,,,,57.0,-0.5715476066494081,,,0.09374999999693602,0.1964843060719668,0.4334457972002841,0.5780808711949191,,,,
z_by_age,,,,57.0,-0.28577380332470403,,,0.23437500000059644,0.38351790200374375,0.5768259395466192,0.7706271814767909,,,,
z_by_age,,,,57.0,0.0,,,0.31250000000408984,0.9854031243804033,0.767635,0.9213957610598599,,,,
z_by_age,,,,57.0,0.28577380332470415,,,0.23437500000274653,2.1652008533078253,1.021562056810685,0.9778394279788952,,,,
z_by_age,,,,57.0,0.5715476066494083,,,0.09374999999938076,3.7891589757997095,1.3594860003976845,0.9958729805173322,,,,
z_by_age,,,,57.0,0.8573214099741122,,,0.015624999998465387,6.097634442217442,1.8091922785849919,0.9990897695851232,,,,
z_by_age,,,,58.0,-0.8573214099741122,,,0.015624999997992566,0.33477264202112,0.32570528859755893,0.3691455407571329,,,,
z_by_age,,,,58.0,-0.5715476066494081,,,0.09374999999702803,0.17818199647710453,0.433445797200284,0.5885203199161402,,,,
z_by_age,,,,58.0,-0.28577380332470403,,,0.2343750000006623,0.3532691257309405,0.5768259395466192,0.7873409156162009,,,,
z_by_age,,,,58.0,0.0,,,0.3125000000040962,1.0111281714537845,0.7676349999999997,0.923947829686879,,,,
z_by_age,,,,58.0,0.28577380332470415,,,0.23437500000269476,2.205429036223323,1.0215620568106847,0.9787085570327438,,,,
z_by_age,,,,58.0,0.5715476066494083,,,0.09374999999914958,3.8361680975348595,1.3594860003976845,0.9962963384432335,,,,
z_by_age,,,,58.0,0.8573214099741122,,,0.01562499999837657,6.147654349868271,1.8091922785849917,0.9991574391445027,,,,
z_by_age,,,,59.0,-0.8573214099741122,,,0.015624999997949824,0.30909436855100175,0.325705288597559,0.37659857708817696,,,,
z_by_age,,,,59.0,-0.5715476066494081,,,0.09374999999711757,0.1599120833915677,0.43344579720028403,0.5971893765303765,,,,
z_by_age,,,,59.0,-0.28577380332470403,,,0.234375000000755,0.354352649753948,0.5768259395466191,0.7936596889319792,,,,
z_by_age,,,,59.0,0.0,,,0.3125000000041436,1.0359875915234575,0.7676349999999998,0.9259663910381193,,,,
z_by_age,,,,59.0,0.28577380332470415,,,0.23437500000265632,2.236914767465935,1.0215620568106847,0.9812709866235216,,,,
z_by_age,,,,59.0,0.5715476066494083,,,0.0937499999990863,3.8852796865109096,1.359486000397685,0.9965677330705726,,,,
z_by_age,,,,59.0,0.8573214099741122,,,0.015624999998291568,6.1967138800900345,1.8091922785849914,0.9993447095449384,,,,
z_by_age,,,,60.0,-0.8573214099741122,,,0.015624999998019813,0.26062214882023943,0.3257052885975589,0.38857498994259854,,,,
z_by_age,,,,60.0,-0.5715476066494081,,,0.09374999999726677,0.12652266930404274,0.433445797200284,0.607497262545154,,,,
z_by_age,,,,60.0,-0.28577380332470403,,,0.23437500000080688,0.35153298770827585,0.5768259395466192,0.7995077750991243,,,,
z_by_age,,,,60.0,0.0,,,0.3125000000040539,1.0643051882774537,0.767635,0.9268446005741535,,,,
z_by_age,,,,60.0,0.28577380332470415,,,0.23437500000260217,2.291803681313116,1.0215620568106847,0.9789644462449902,,,,
z_by_age,,,,60.0,0.5715476066494083,,,0.0937499999990104,3.9411216558541193,1.359486000397685,0.9969029388524103,,,,
z_by_age,,,,60.0,0.8573214099741122,,,0.015624999998240014,6.253567447475063,1.8091922785849917,0.9994351605488373,,,,
z_by_age,,,,61.0,-0.8573214099741122,,,0.015624999997975876,0.2095932799655545,0.32570528859755893,0.3994315663832642,,,,
z_by_age,,,,61.0,-0.5715476066494081,,,0.09374999999740342,0.09045140087540712,0.433445797200284,0.616137943809878,,,,
z_by_age,,,,61.0,-0.28577380332470403,,,0.23437500000086628,0.3539754987366261,0.5768259395466192,0.8024785604434898,,,,
z_by_age,,,,61.0,0.0,,,0.31250000000396605,1.0949024678976642,0.7676350000000001,0.9262753230370481,,,,
z_by_age,,,,61.0,0.28577380332470415,,,0.23437500000257025,2.3455896999018164,1.0215620568106847,0.9776964845276575,,,,
z_by_age,,,,61.0,0.5715476066494083,,,0.09374999999900639,4.006547783999732,1.3594860003976845,0.9965892335529707,,,,
z_by_age,,,,61.0,0.8573214099741122,,,0.015624999998212066,6.323019349389922,1.8091922785849919,0.999523405766529,,,,
z_by_age,,,,62.0,-0.8573214099741122,,,0.015624999998037674,0.15472657088587385,0.32570528859755893,0.4079102616479014,,,,
z_by_age,,,,62.0,-0.5715476066494081,,,0.09374999999758281,0.06721267281004446,0.43344579720028403,0.6188765633832298,,,,
z_by_age,,,,62.0,-0.28577380332470403,,,0.2343750000008792,0.3675175316103609,0.5768259395466192,0.8005876076102273,,,,
z_by_age,,,,62.0,0.0,,,0.3125000000040074,1.1708655238237222,0.7676350000000001,0.9137561181338799,,,,
z_by_age,,,,62.0,0.28577380332470415,,,0.23437500000252035,2.4189658826154066,1.0215620568106845,0.9718150322200293,,,,
z_by_age,,,,62.0,0.5715476066494083,,,0.09374999999894344,4.078424753503697,1.3594860003976845,0.9958884292587075,,,,
z_by_age,,,,62.0,0.8573214099741122,,,0.015624999998029148,6.401613250528892,1.8091922785849917,0.9994784965970543,,,,
z_by_age,,,,63.0,-0.8573214099741122,,,0.015624999997981491,0.10274138551256885,0.32570528859755893,0.41208193043490843,,,,
z_by_age,,,,63.0,-0.5715476066494081,,,0.09374999999765257,0.04814468985673883,0.4334457972002841,0.6179197888055229,,,,
z_by_age,,,,63.0,-0.28577380332470403,,,0.23437500000099426,0.4026838492657885,0.5768259395466192,0.7914295603433903,,,,
z_by_age,,,,63.0,0.0,,,0.3125000000040728,1.2414709528316767,0.767635,0.9012396918424216,,,,
z_by_age,,,,63.0,0.28577380332470415,,,0.23437500000250555,2.5038648595199726,1.0215620568106847,0.9637199937155284,,,,
z_by_age,,,,63.0,0.5715476066494083,,,0.09374999999886933,4.1739083692414045,1.3594860003976847,0.9931997864912064,,,,
z_by_age,,,,63.0,0.8573214099741122,,,0.015624999997924004,6.486062911611764,1.8091922785849914,0.9990671447398819,,,,
z_by_age,,,,64.0,-0.8573214099741122,,,0.015624999997830612,0.047160077535450685,0.32570528859755893,0.411735869821696,,,,
z_by_age,,,,64.0,-0.5715476066494081,,,0.09374999999767623,0.03516973541368661,0.43344579720028403,0.6123646302781429,,,,
z_by_age,,,,64.0,-0.28577380332470403,,,0.23437500000113098,0.4430868538625821,0.5768259395466193,0.7788008176032648,,,,
z_by_age,,,,64.0,0.0,,,0.3125000000041304,1.3231062005257261,0.7676349999999998,0.8851317794498111,,,,
z_by_age,,,,64.0,0.28577380332470415,,,0.23437500000256975,2.6065433234932223,1.0215620568106847,0.9521458991424737,,,,
z_by_age,,,,64.0,0.5715476066494083,,,0.09374999999875032,4.300524451877083,1.3594860003976847,0.9878709047866528,,,,
z_by_age,,,,64.0,0.8573214099741122,,,0.015624999997911771,6.606354181096323,1.8091922785849919,0.9979053574250419,,,,
z_by_age,,,,65.0,-0.8573214099741122,,,0.015624999997660738,-0.027075582012764353,0.5719050000000002,0.4100276567848881,,,,
z_by_age,,,,65.0,-0.5715476066494081,,,0.09374999999775387,0.011253247789591816,0.5719050000000002,0.6055156036727312,,,,
z_by_age,,,,65.0,-0.28577380332470403,,,0.2343750000013611,0.4815346235906666,0.5719050000000002,0.7638740964148029,,,,
z_by_age,,,,65.0,0.0,,,0.31250000000423683,1.4047811501186627,0.5719050000000002,0.8681731306776213,,,,
z_by_age,,,,65.0,0.28577380332470415,,,0.23437500000247793,2.71535147995572,0.5719050000000002,0.9404816844752365,,,,
z_by_age,,,,65.0,0.5715476066494083,,,0.09374999999852734,4.4411353348785045,0.5719050000000002,0.980502320821073,,,,
z_by_age,,,,65.0,0.8573214099741122,,,0.015624999997982164,6.776013199783577,0.5719050000000001,0.9955820117972262,,,,
z_by_age,,,,66.0,-0.8573214099741122,,,0.015624999997454975,0.02645163437670136,0.5719050000000002,0.4156317624174229,,,,
z_by_age,,,,66.0,-0.5715476066494081,,,0.09374999999764178,0.07487788617502929,0.5719050000000002,0.599177454865771,,,,
z_by_age,,,,66.0,-0.28577380332470403,,,0.23437500000154932,0.49079572134934973,0.5719050000000002,0.74924596741166,,,,
z_by_age,,,,66.0,0.0,,,0.3125000000044653,1.287011732202561,0.5719050000000001,0.8524947044747104,,,,
z_by_age,,,,66.0,0.28577380332470415,,,0.23437500000239703,2.4001088842736835,0.5719050000000002,0.928245397122397,,,,
z_by_age,,,,66.0,0.5715476066494083,,,0.09374999999855856,3.8843572114762286,0.5719050000000002,0.9731866622642698,,,,
z_by_age,,,,66.0,0.8573214099741122,,,0.015624999997933304,5.904922793054231,0.5719050000000001,0.992454054512728,,,,
z_by_age,,,,67.0,-0.8573214099741122,,,0.015624999997294827,0.03548398458167742,0.5719050000000001,0.42963775824095224,,,,
z_by_age,,,,67.0,-0.5715476066494081,,,0.09374999999761315,0.10317641997718081,0.5719050000000003,0.5964554479055757,,,,
z_by_age,,,,67.0,-0.28577380332470403,,,0.2343750000017856,0.4757768992046016,0.5719050000000002,0.734648017649456,,,,
z_by_age,,,,67.0,0.0,,,0.31250000000468425,1.154647575112073,0.5719050000000002,0.835294261039108,,,,
z_by_age,,,,67.0,0.28577380332470415,,,0.23437500000233996,2.093756697951669,0.5719050000000003,0.912270406649365,,,,
z_by_age,,,,67.0,0.5715476066494083,,,0.09374999999848509,3.347876615323372,0.5719050000000001,0.962225970463188,,,,
z_by_age,,,,67.0,0.8573214099741122,,,0.015624999997797068,5.071072426368679,0.5719050000000001,0.9868079807802294,,,,
z_by_age,,,,68.0,-0.8573214099741122,,,0.015624999997098854,0.03977988581208108,0.5719050000000001,0.4401575545666013,,,,
z_by_age,,,,68.0,-0.5715476066494081,,,0.09374999999744363,0.11526012399073467,0.5719050000000001,0.5917963479057863,,,,
z_by_age,,,,68.0,-0.28577380332470403,,,0.23437500000182532,0.44089115338712803,0.5719050000000001,0.7190948159124666,,,,
z_by_age,,,,68.0,0.0,,,0.3125000000049281,1.0111587899948433,0.5719050000000003,0.8161891150459232,,,,
z_by_age,,,,68.0,0.28577380332470415,,,0.2343750000024382,1.7916704394966172,0.5719050000000001,0.8932424169602093,,,,
z_by_age,,,,68.0,0.5715476066494083,,,0.09374999999850082,2.833651126297962,0.5719050000000002,0.9473048199496412,,,,
z_by_age,,,,68.0,0.8573214099741122,,,0.015624999997765177,4.276734367566824,0.5719050000000002,0.9778432637232942,,,,
z_by_age,,,,69.0,-0.8573214099741122,,,0.01562499999698429,0.03754747733214939,0.5719050000000002,0.4469988195041108,,,,
z_by_age,,,,69.0,-0.5715476066494081,,,0.09374999999718918,0.11094056808009685,0.5719050000000001,0.5846009751435961,,,,
z_by_age,,,,69.0,-0.28577380332470403,,,0.2343750000018594,0.3860294716447613,0.5719050000000003,0.7016147270750225,,,,
z_by_age,,,,69.0,0.0,,,0.3125000000051897,0.8527452347374589,0.5719050000000002,0.7944986004297032,,,,
z_by_age,,,,69.0,0.28577380332470415,,,0.23437500000272027,1.484608134077391,0.5719050000000001,0.8712740667461077,,,,
z_by_age,,,,69.0,0.5715476066494083,,,0.09374999999836856,2.3305932708892163,0.5719050000000001,0.9291681102357598,,,,
z_by_age,,,,69.0,0.8573214099741122,,,0.015624999997688396,3.516524614986378,0.571905,0.9657902184244562,,,,
z_by_age,,,,70.0,-0.8573214099741122,,,0.015624999996828244,0.023793473263240297,0.5719050000000001,0.4511280103351407,,,,
z_by_age,,,,70.0,-0.5715476066494081,,,0.09374999999696568,0.08563324449757981,0.5719050000000002,0.5762832552169268,,,,
z_by_age,,,,70.0,-0.28577380332470403,,,0.23437500000191358,0.3069246766319534,0.5719050000000001,0.6843071260258137,,,,
z_by_age,,,,70.0,0.0,,,0.3125000000055195,0.6758849067722824,0.5719050000000001,0.7731691137873086,,,,
z_by_age,,,,70.0,0.28577380332470415,,,0.2343750000029829,1.1729710599841399,0.5719050000000003,0.8489521974774511,,,,
z_by_age,,,,70.0,0.5715476066494083,,,0.09374999999827487,1.8423119230130518,0.5719050000000003,0.9092825328602573,,,,
z_by_age,,,,70.0,0.8573214099741122,,,0.015624999997515411,2.7939470719714237,0.5719050000000001,0.9509585937991425,,,,
z_by_age,,,,71.0,-0.8573214099741122,,,0.015624999996754995,-0.0010153358195470119,0.5719050000000002,0.4517494227235627,,,,
z_by_age,,,,71.0,-0.5715476066494081,,,0.09374999999675307,0.04168286572704756,0.5719050000000003,0.5656739112451957,,,,
z_by_age,,,,71.0,-0.28577380332470403,,,0.2343750000019099,0.20730721633687477,0.5719050000000003,0.6656049062194004,,,,
z_by_age,,,,71.0,0.0,,,0.3125000000057375,0.4841256461838507,0.5719050000000001,0.7505460050369164,,,,
z_by_age,,,,71.0,0.28577380332470415,,,0.23437500000317008,0.8587474843954397,0.5719050000000002,0.8249293860510216,,,,
z_by_age,,,,71.0,0.5715476066494083,,,0.09374999999817546,1.3696548396861095,0.5719050000000002,0.8867447525845558,,,,
z_by_age,,,,71.0,0.8573214099741122,,,0.015624999997499318,2.1094038110477396,0.5719050000000002,0.9326394554366281,,,,
z_by_age,,,,72.0,-0.8573214099741122,,,0.01562499999670912,-0.0385450382732724,0.5719050000000002,0.44876428824569,,,,
z_by_age,,,,72.0,-0.5715476066494081,,,0.09374999999654476,-0.025154073443537303,0.5719050000000003,0.5534311887376568,,,,
z_by_age,,,,72.0,-0.28577380332470403,,,0.2343750000018873,0.0787978170564344,0.5719050000000002,0.6469869565051964,,,,
z_by_age,,,,72.0,0.0,,,0.312500000006013,0.26301461921275565,0.5719050000000003,0.7289068092175086,,,,
z_by_age,,,,72.0,0.28577380332470415,,,0.2343750000032458,0.5185655342752458,0.5719050000000001,0.8025055504691747,,,,
z_by_age,,,,72.0,0.5715476066494083,,,0.09374999999805055,0.8791369202840257,0.5719050000000001,0.8661476263780412,,,,
z_by_age,,,,72.0,0.8573214099741122,,,0.015624999997549535,1.4233368890822928,0.5719050000000004,0.9161221907307542,,,,
z_by_age,,,,73.0,-0.8573214099741122,,,0.015624999996889854,-0.09781522981397682,0.5719050000000001,0.4435760915057203,,,,
z_by_age,,,,73.0,-0.5715476066494081,,,0.09374999999642877,-0.1168717307975657,0.5719050000000003,0.5392360972217715,,,,
z_by_age,,,,73.0,-0.28577380332470403,,,0.23437500000192504,-0.07368371217186648,0.5719050000000002,0.6264007722114553,,,,
z_by_age,,,,73.0,0.0,,,0.3125000000061327,0.022425481758297356,0.5719050000000002,0.7050439463071574,,,,
z_by_age,,,,73.0,0.28577380332470415,,,0.23437500000318526,0.16592357026569074,0.5719050000000003,0.7776648787249728,,,,
z_by_age,,,,73.0,0.5715476066494083,,,0.09374999999793963,0.3863215377502759,0.5719050000000001,0.8427180680155258,,,,
z_by_age,,,,73.0,0.8573214099741122,,,0.015624999997498817,0.7499699170974192,0.5719050000000002,0.8963442092695963,,,,
z_by_age,,,,74.0,-0.8573214099741122,,,0.015624999997066711,-0.16174646076096783,0.5719050000000003,0.43057291641838324,,,,
z_by_age,,,,74.0,-0.5715476066494081,,,0.09374999999647596,-0.21243651547864872,0.5719050000000001,0.5165434520784298,,,,
z_by_age,,,,74.0,-0.28577380332470403,,,0.23437500000181577,-0.2245348885176605,0.5719050000000003,0.596207006132919,,,,
z_by_age,,,,74.0,0.0,,,0.31250000000611494,-0.20696536798152154,0.5719050000000003,0.6701328602538779,,,,
z_by_age,,,,74.0,0.28577380332470415,,,0.2343750000029838,-0.16455859063496203,0.5719050000000001,0.740792077202953,,,,
z_by_age,,,,74.0,0.5715476066494083,,,0.0937499999979318,-0.0741786155534982,0.5719050000000003,0.8075219424747635,,,,
z_by_age,,,,74.0,0.8573214099741122,,,0.015624999997611097,0.12030199321963206,0.5719050000000002,0.8662487691515416,,,,
z_by_age,,,,75.0,-0.8573214099741122,,,0.015624999997306065,-0.20434164313979508,0.5719050000000002,0.4036086770536049,,,,
z_by_age,,,,75.0,-0.5715476066494081,,,0.09374999999646547,-0.28957275400111726,0.5719050000000003,0.48088241168508666,,,,
z_by_age,,,,75.0,-0.28577380332470403,,,0.2343750000017275,-0.3599502121593884,0.5719050000000003,0.5549520589146651,,,,
z_by_age,,,,75.0,0.0,,,0.3125000000059631,-0.42327174176033106,0.5719050000000002,0.6267469323452283,,,,
z_by_age,,,,75.0,0.28577380332470415,,,0.2343750000029492,-0.48097140926730764,0.5719050000000002,0.6979276946469125,,,,
z_by_age,,,,75.0,0.5715476066494083,,,0.09374999999790988,-0.5113233540855286,0.5719050000000002,0.7672319508026445,,,,
z_by_age,,,,75.0,0.8573214099741122,,,0.015624999997678739,-0.46775451236646187,0.5719050000000002,0.830438431888949,,,,
z_by_age,,,,76.0,-0.8573214099741122,,,0.015624999997502704,-0.19489397552929705,0.5719050000000002,0.35241775073704584,,,,
z_by_age,,,,76.0,-0.5715476066494081,,,0.09374999999669603,-0.3106586008347656,0.5719050000000002,0.420981861119969,,,,
z_by_age,,,,76.0,-0.28577380332470403,,,0.2343750000015955,-0.43415119595507273,0.5719050000000003,0.49030219968242467,,,,
z_by_age,,,,76.0,0.0,,,0.3125000000058896,-0.5704835011953486,0.5719050000000002,0.5608613085927256,,,,
z_by_age,,,,76.0,0.28577380332470415,,,0.23437500000273062,-0.7182415908101926,0.5719050000000002,0.6331574382108905,,,,
z_by_age,,,,76.0,0.5715476066494083,,,0.09374999999789024,-0.860520139874811,0.5719050000000001,0.705747839694717,,,,
z_by_age,,,,76.0,0.8573214099741122,,,0.015624999997695467,-0.9603678800693725,0.5719050000000003,0.7745787731254222,,,,
z_by_age,,,,77.0,-0.8573214099741122,,,0.015624999997755695,-0.13987714572340967,0.5719050000000002,0.2843634041755937,,,,
z_by_age,,,,77.0,-0.5715476066494081,,,0.09374999999690714,-0.24637584264517481,0.5719050000000001,0.337600010430743,,,,
z_by_age,,,,77.0,-0.28577380332470403,,,0.2343750000015479,-0.36454182882567854,0.5719050000000002,0.3924704673894264,,,,
z_by_age,,,,77.0,0.0,,,0.3125000000056733,-0.4963534404322777,0.5719050000000003,0.44875399714714115,,,,
z_by_age,,,,77.0,0.28577380332470415,,,0.23437500000251424,-0.6439847949422159,0.5719050000000002,0.5071634638890414,,,,
z_by_age,,,,77.0,0.5715476066494083,,,0.09374999999779023,-0.8070990301373586,0.5719050000000003,0.5684337001750275,,,,
z_by_age,,,,77.0,0.8573214099741122,,,0.015624999997811627,-0.9752741518677647,0.5719050000000001,0.6319367837607761,,,,
owner_by_z,,,,,-0.8573214099741122,,,,,,0.21881811310870042,,,,0.0156249999974323
owner_by_z,,,,,-0.5715476066494081,,,,,,0.3368251299247627,,,,0.09374999999713646
owner_by_z,,,,,-0.28577380332470403,,,,,,0.4530276828986661,,,,0.234375000000883
owner_by_z,,,,,0.0,,,,,,0.5886834449963639,,,,0.3125000000041588
owner_by_z,,,,,0.28577380332470415,,,,,,0.6365517981304961,,,,0.2343750000026331
owner_by_z,,,,,0.5715476066494083,,,,,,0.7041781404830392,,,,0.09374999999924608
owner_by_z,,,,,0.8573214099741122,,,,,,0.7704848160137615,,,,0.015624999998509406
fertility_by_z,,,,,-0.8573214099741122,,,,,,,0.0002280704087415727,,,0.006426447350360938
fertility_by_z,,,,,-0.5715476066494081,,,,,,,0.0008108406751960662,,,0.03789163456552202
fertility_by_z,,,,,-0.28577380332470403,,,,,,,0.00938000857863933,,,0.08916608710577222
fertility_by_z,,,,,0.0,,,,,,,0.03395001032219163,,,0.10494536190247702
fertility_by_z,,,,,0.28577380332470415,,,,,,,0.05485929701753148,,,0.07057992984840827
fertility_by_z,,,,,0.5715476066494083,,,,,,,0.08086504920819118,,,0.02572915154937398
fertility_by_z,,,,,0.8573214099741122,,,,,,,0.11378981897113305,,,0.00390562006488551
fertility_by_z_wealth_bin,,,,,-0.8573214099741122,,,,,,,,1,0.00024723703062111364,0.004971661333739892
fertility_by_z_wealth_bin,,,,,-0.8573214099741122,,,,,,,,2,0.00016255869140200093,0.0014547859851269198
fertility_by_z_wealth_bin,,,,,-0.8573214099741122,,,,,,,,3,0.4947782999163586,3.149392698700734e-11
fertility_by_z_wealth_bin,,,,,-0.5715476066494081,,,,,,,,1,0.0008806146413151849,0.022467399302045925
fertility_by_z_wealth_bin,,,,,-0.5715476066494081,,,,,,,,2,0.0007091763553440383,0.015424234539820591
fertility_by_z_wealth_bin,,,,,-0.5715476066494081,,,,,,,,3,0.6292260033588235,7.23655411474241e-10
fertility_by_z_wealth_bin,,,,,-0.28577380332470403,,,,,,,,1,0.011651817727735447,0.03445239217227666
fertility_by_z_wealth_bin,,,,,-0.28577380332470403,,,,,,,,2,0.007949431918067849,0.05471369126440024
fertility_by_z_wealth_bin,,,,,-0.28577380332470403,,,,,,,,3,0.7915868142916209,3.6690953313161975e-09
fertility_by_z_wealth_bin,,,,,0.0,,,,,,,,1,0.04691967363109917,0.03236295870541104
fertility_by_z_wealth_bin,,,,,0.0,,,,,,,,2,0.028166696022980903,0.07258236769221064
fertility_by_z_wealth_bin,,,,,0.0,,,,,,,,3,0.8779713663509046,3.550485464307594e-08
fertility_by_z_wealth_bin,,,,,0.28577380332470415,,,,,,,,1,0.052575609081664886,0.010253568971499157
fertility_by_z_wealth_bin,,,,,0.28577380332470415,,,,,,,,2,0.055244420563859094,0.06032613398902705
fertility_by_z_wealth_bin,,,,,0.28577380332470415,,,,,,,,3,0.8611478481914491,2.2688788205183422e-07
fertility_by_z_wealth_bin,,,,,0.5715476066494083,,,,,,,,1,0.06248061860515686,0.0028126187608780648
fertility_by_z_wealth_bin,,,,,0.5715476066494083,,,,,,,,2,0.08309581208378877,0.022915750365461365
fertility_by_z_wealth_bin,,,,,0.5715476066494083,,,,,,,,3,0.8333853796238753,7.82423034449199e-07
fertility_by_z_wealth_bin,,,,,0.8573214099741122,,,,,,,,1,0.12277313593630514,0.0006032926054776766
fertility_by_z_wealth_bin,,,,,0.8573214099741122,,,,,,,,2,0.1118911175731581,0.003301093360714416
fertility_by_z_wealth_bin,,,,,0.8573214099741122,,,,,,,,3,0.8011107648558866,1.2340986930898746e-06
mortgage_account_status,mu_structural,0,V3 implements z as a true HANK state; mu remains the next structural layer.,,,,,,,,,,,,
