price,rent,entry_rate_E,mature_entrants_B,births_per_household,housing_demand_D,housing_supply_HS,B_over_E,lifetime_births_nu,clearing_scale_S,status,seconds
0.02,0.0033142293871800004,0.061733456180748006,0.05410427356205349,0.1143962731321933,9.72868576332125,0.011166320064749316,0.8764173741324768,1.853067691484096,0.0011477727142599448,ok,1.3
0.022932,0.0038000954153405886,0.06173345618074803,0.054101362318734636,0.11439020433589929,9.728186344235356,0.014186686201003601,0.8763702158572242,1.8529693850442899,0.0014583074068487828,ok,1.2
0.026293,0.004357051663856188,0.06173345618074802,0.054098034500503024,0.11438327082697868,9.727830888480593,0.0180230308928963,0.8763163096216513,1.8528570714083856,0.001852728640075213,ok,1.3
0.030147,0.0049957036667657734,0.06173345618074802,0.05409406502261483,0.11437500308247595,9.727347843178402,0.02289732541238367,0.8762520093518499,1.8527231449280905,0.0023539124724979497,ok,1.1
0.034566,0.005727982649863195,0.06173345618074827,0.054089403865258526,0.11436529787210171,9.726633185752993,0.029089988493131363,0.8761765047933027,1.852565933409813,0.0029907561987369572,ok,1.1
0.039633,0.006567642665105248,0.06173345618074802,0.05408383692581977,0.11435370937434707,9.725779784341205,0.03695789586049942,0.8760863277680242,1.8523782151372405,0.0037999930781902683,ok,1.1
0.045442,0.00753026059061168,0.061733456180748006,0.05407782672896683,0.11434121076425587,9.723482912126189,0.046952432284519445,0.8759889705613366,1.8521757542535573,0.004828766884134172,ok,1.1
0.052103,0.008634064688011978,0.06173345618074804,0.05407043247404382,0.1143258949649071,9.72226324237582,0.05965094895686063,0.8758691934521239,1.851927658645497,0.006135500291420188,ok,1.1
0.059741,0.00989976889097602,0.06173345618074809,0.05406262889670938,0.11430963946977309,9.720886794770806,0.07578520566862847,0.8757427858634798,1.8516643412137543,0.007796120587413475,ok,1.1
0.068498,0.011350904228152785,0.06173345618074802,0.05405404403723149,0.11429166260873579,9.719399466334362,0.09628173090389731,0.8756037225417584,1.851373139940582,0.009906139904774347,ok,1.1
0.078538,0.013014647380517143,0.061733456180748006,0.05404369255664633,0.11427004704559184,9.718080654032256,0.12231995015806275,0.8754360423044032,1.8510229965259537,0.012586842455079787,ok,1.1
0.090051,0.014922483527247312,0.061733456180748165,0.054030827400959026,0.11424328608348909,9.716269992524238,0.15540411860974335,0.875227643868881,1.8505895044819527,0.015994215756593044,ok,1.1
0.10325,0.017109709211316753,0.06173345618074859,0.054015366556254184,0.11421124087193171,9.713636064545991,0.19743092724597197,0.8749771987186865,1.8500704146149551,0.0203251311799275,ok,1.2
0.118385,0.019617752300065218,0.06173345618074823,0.05399955092092458,0.1141781784270642,9.711079005159963,0.250828434152245,0.8747210064315905,1.8495348469193762,0.02582910035218206,ok,1.1
0.135738,0.022493343427851944,0.06173345618074802,0.05398006379766086,0.11413752906081918,9.708526306576145,0.31866554577614026,0.8744053409161773,1.8488763811739042,0.03282326644779133,ok,1.1
0.155635,0.025790504533687968,0.06173345618074804,0.05395520199803358,0.11408600191743504,9.702941670649754,0.4048510800082955,0.8740026127819464,1.8480417098858861,0.041724571140412184,ok,1.1
0.178448,0.029570880284174837,0.06173345618074836,0.053930092954514806,0.11403345779180095,9.699306746273248,0.5143432303490045,0.8735958796250413,1.847190564836096,0.05302886523788208,ok,1.1
0.204606,0.033905560899667564,0.06173345618074801,0.053876123486547835,0.11392214522928801,9.575979443018683,0.653453545297549,0.8727216459225146,1.845387449161082,0.06823882081053816,ok,1.2
0.234597,0.03887541357721333,0.06173345618074803,0.05384040061643771,0.1138473913721114,9.574343978282503,0.8301792503146393,0.872142982871388,1.8441765359577493,0.08670873453029639,ok,1.2
0.268985,0.04457389958553062,0.06173345618074802,0.053785143535382086,0.11373287854078416,9.508494558866424,1.0547066600726027,0.8712478915469394,1.8423215801783102,0.11092257071221819,ok,1.2
0.308414,0.05110773711088664,0.06173345618074801,0.05372872447767048,0.11361520749563446,9.470181907832142,1.3399612108776224,0.8703339777439213,1.8404154655294696,0.14149265810506045,ok,1.2
0.353622,0.05859922121766831,0.06173345618074801,0.05366243583451504,0.11347687996870673,9.422779635822586,1.702359633810466,0.8692601897648171,1.8381747433103421,0.18066427313428882,ok,1.3
0.405456,0.0671887095204227,0.061733456180748006,0.05357016496783373,0.1132846112760598,9.232068315287124,2.1627638899101305,0.8677655242723953,1.8350602458475078,0.23426645211548858,ok,1.3
0.464889,0.07703743927883616,0.061733456180748034,0.053477282804648835,0.11309045726769199,9.045756078527196,2.7476967656345423,0.8662609565884967,1.8319152087739412,0.3037553457976853,ok,1.3
0.533033,0.08832968164683586,0.06173345618074818,0.05336366345501534,0.11285295966205991,8.72302788104046,3.490818342803104,0.8644204740258331,1.828068062990673,0.40018424684740644,ok,1.3
0.611166,0.1012772158822626,0.061733456180748145,0.053222041440322616,0.11255662608414956,8.043824676630257,4.434923724411074,0.8621263854804253,1.8232678525983912,0.5513451501865609,ok,1.3
0.700752,0.116122643576258,0.0617334561807486,0.05306033708420706,0.11221840179819503,7.2584525731356635,5.634367691163281,0.8595069896759444,1.8177890683721352,0.7762491570195967,ok,1.4
0.776083,0.1286058542745408,0.06173345618074804,0.05292258244773137,0.11193077438648269,6.671120381388291,6.736694882585277,0.8572755475212742,1.8131298863093461,1.0098296084387761,ok,1.4
0.80347,0.13314419428587576,0.061733456180749754,0.052872440834649245,0.11182598310319262,6.453025283459281,7.158210980561992,0.85646331998396,1.8114324066965677,1.1092798596203053,ok,1.4
0.921245,0.15266086258963196,0.061733456180749754,0.052658318115985744,0.11137878511381168,5.74626831962825,9.094191210087791,0.8529948163246707,1.8041883932061906,1.582625576154114,ok,1.5
1.056283,0.17503820798893263,0.06173345618074876,0.05242198960609281,0.11088591939301305,5.069802239174272,11.553753232533023,0.849166608339682,1.7962046231196143,2.2789356837742853,ok,1.5
1.211115,0.20069564621272531,0.06173345618075961,0.052145506193258376,0.11030898700258139,4.465731092119757,14.678510908647885,0.8446879442578578,1.7868590846362051,3.2869222543537453,ok,1.5
1.388643,0.23011407194508987,0.06173345618075299,0.05183016276237202,0.10965122160505157,3.9400003032102493,18.648381528178522,0.8395797994950334,1.7762041587951494,4.733091394176827,ok,1.5
1.592193,0.2638446415331143,0.06173345618075596,0.0514641844758208,0.10888782851935343,3.50817199137587,23.691909910358934,0.8336514373200382,1.7638382046929166,6.753349028668119,ok,1.4
1.82558,0.30251954423240324,0.061733456180754376,0.05109404264885335,0.10811624605176225,3.266215436821244,30.099487485690872,0.8276556313200897,1.7513395934807205,9.21540176020489,ok,1.5
2.093178,0.34686360200993294,0.06173345618075249,0.05063485407172137,0.10716336128949819,3.110297769411485,38.240042148241656,0.820217386233245,1.735904125888063,12.294656326579705,ok,1.5
2.4,0.39770752646160007,0.0617334561807533,0.050114624023811116,0.10608464095959245,2.914274263597748,48.58220840060854,0.8117903503908372,1.7184302892256755,16.67043112841155,ok,1.5
