case_id,label,parameter,value,lower_bound,upper_bound,transform,is_free_parameter,status,near_bound
1,anchor,beta_annual,0.9957387588331625,0.94,0.9995,discount,True,estimated_free_transition_parameter,False
1,anchor,kappa_fert,2.1681730392479377,0.02,50.0,log,True,estimated_free_transition_parameter,False
1,anchor,kappa_fert_continuation,1.7364706586958831,0.02,50.0,log,True,estimated_free_transition_parameter,False
1,anchor,chi,1.0434717373613915,0.1,5.0,log,True,estimated_free_transition_parameter,False
1,anchor,H0,14.562959141565095,0.2,80.0,log,True,estimated_free_transition_parameter,False
1,anchor,theta0,0.5491891806761955,0.0,8.0,softzero,True,estimated_free_transition_parameter,False
1,anchor,theta1,0.10724930821495539,0.02,16.0,log,True,estimated_free_transition_parameter,True
1,anchor,hbar_child_rooms,0.24887678975085575,0.1,1.8,log,True,estimated_free_transition_parameter,False
1,anchor,first_birth_fixed_cost,4.5591384147193255,0.0,8.0,softzero,True,estimated_free_transition_parameter,False
1,anchor,hbar_first_child_jump,0.4649311350610432,0.0,0.5,softzero,True,estimated_free_transition_parameter,False
1,anchor,psi_child_change_2023,-0.32871390689556357,-1.5,0.2,asinh,True,estimated_free_transition_parameter,False
1,anchor,psi_child_2007,0.28947879008266236,nan,nan,derived,False,externally_normalized_to_old_completed_fertility,False
1,anchor,psi_child_2023,-0.039235116812901205,nan,nan,derived,False,derived_from_old_intercept_and_transition_coordinate,False
1,anchor,tenure_choice_kappa,0.005,nan,nan,external_profile,False,externally_fixed_profile_not_estimated,False
1,anchor,housing_supply_elasticity,0.63,nan,nan,external_profile,False,externally_fixed_profile_not_estimated,False
2,coordinate_0_minus,beta_annual,0.9956635882533899,0.94,0.9995,discount,True,estimated_free_transition_parameter,False
2,coordinate_0_minus,kappa_fert,2.1681730392479377,0.02,50.0,log,True,estimated_free_transition_parameter,False
2,coordinate_0_minus,kappa_fert_continuation,1.7364706586958831,0.02,50.0,log,True,estimated_free_transition_parameter,False
2,coordinate_0_minus,chi,1.0434717373613915,0.1,5.0,log,True,estimated_free_transition_parameter,False
2,coordinate_0_minus,H0,14.562959141565095,0.2,80.0,log,True,estimated_free_transition_parameter,False
2,coordinate_0_minus,theta0,0.5491891806761955,0.0,8.0,softzero,True,estimated_free_transition_parameter,False
2,coordinate_0_minus,theta1,0.10724930821495539,0.02,16.0,log,True,estimated_free_transition_parameter,True
2,coordinate_0_minus,hbar_child_rooms,0.24887678975085575,0.1,1.8,log,True,estimated_free_transition_parameter,False
2,coordinate_0_minus,first_birth_fixed_cost,4.5591384147193255,0.0,8.0,softzero,True,estimated_free_transition_parameter,False
2,coordinate_0_minus,hbar_first_child_jump,0.4649311350610432,0.0,0.5,softzero,True,estimated_free_transition_parameter,False
2,coordinate_0_minus,psi_child_change_2023,-0.32871390689556357,-1.5,0.2,asinh,True,estimated_free_transition_parameter,False
2,coordinate_0_minus,psi_child_2007,0.289642090713257,nan,nan,derived,False,externally_normalized_to_old_completed_fertility,False
2,coordinate_0_minus,psi_child_2023,-0.03907181618230654,nan,nan,derived,False,derived_from_old_intercept_and_transition_coordinate,False
2,coordinate_0_minus,tenure_choice_kappa,0.005,nan,nan,external_profile,False,externally_fixed_profile_not_estimated,False
2,coordinate_0_minus,housing_supply_elasticity,0.63,nan,nan,external_profile,False,externally_fixed_profile_not_estimated,False
3,coordinate_0_plus,beta_annual,0.9958131856629352,0.94,0.9995,discount,True,estimated_free_transition_parameter,False
3,coordinate_0_plus,kappa_fert,2.1681730392479377,0.02,50.0,log,True,estimated_free_transition_parameter,False
3,coordinate_0_plus,kappa_fert_continuation,1.7364706586958831,0.02,50.0,log,True,estimated_free_transition_parameter,False
3,coordinate_0_plus,chi,1.0434717373613915,0.1,5.0,log,True,estimated_free_transition_parameter,False
3,coordinate_0_plus,H0,14.562959141565095,0.2,80.0,log,True,estimated_free_transition_parameter,False
3,coordinate_0_plus,theta0,0.5491891806761955,0.0,8.0,softzero,True,estimated_free_transition_parameter,False
3,coordinate_0_plus,theta1,0.10724930821495539,0.02,16.0,log,True,estimated_free_transition_parameter,True
3,coordinate_0_plus,hbar_child_rooms,0.24887678975085575,0.1,1.8,log,True,estimated_free_transition_parameter,False
3,coordinate_0_plus,first_birth_fixed_cost,4.5591384147193255,0.0,8.0,softzero,True,estimated_free_transition_parameter,False
3,coordinate_0_plus,hbar_first_child_jump,0.4649311350610432,0.0,0.5,softzero,True,estimated_free_transition_parameter,False
3,coordinate_0_plus,psi_child_change_2023,-0.32871390689556357,-1.5,0.2,asinh,True,estimated_free_transition_parameter,False
3,coordinate_0_plus,psi_child_2007,0.28932187745762117,nan,nan,derived,False,externally_normalized_to_old_completed_fertility,False
3,coordinate_0_plus,psi_child_2023,-0.0393920294379424,nan,nan,derived,False,derived_from_old_intercept_and_transition_coordinate,False
3,coordinate_0_plus,tenure_choice_kappa,0.005,nan,nan,external_profile,False,externally_fixed_profile_not_estimated,False
3,coordinate_0_plus,housing_supply_elasticity,0.63,nan,nan,external_profile,False,externally_fixed_profile_not_estimated,False
4,coordinate_1_minus,beta_annual,0.9957387588331625,0.94,0.9995,discount,True,estimated_free_transition_parameter,False
4,coordinate_1_minus,kappa_fert,2.126175403503945,0.02,50.0,log,True,estimated_free_transition_parameter,False
4,coordinate_1_minus,kappa_fert_continuation,1.7364706586958831,0.02,50.0,log,True,estimated_free_transition_parameter,False
4,coordinate_1_minus,chi,1.0434717373613915,0.1,5.0,log,True,estimated_free_transition_parameter,False
4,coordinate_1_minus,H0,14.562959141565095,0.2,80.0,log,True,estimated_free_transition_parameter,False
4,coordinate_1_minus,theta0,0.5491891806761955,0.0,8.0,softzero,True,estimated_free_transition_parameter,False
4,coordinate_1_minus,theta1,0.10724930821495539,0.02,16.0,log,True,estimated_free_transition_parameter,True
4,coordinate_1_minus,hbar_child_rooms,0.24887678975085575,0.1,1.8,log,True,estimated_free_transition_parameter,False
4,coordinate_1_minus,first_birth_fixed_cost,4.5591384147193255,0.0,8.0,softzero,True,estimated_free_transition_parameter,False
4,coordinate_1_minus,hbar_first_child_jump,0.4649311350610432,0.0,0.5,softzero,True,estimated_free_transition_parameter,False
4,coordinate_1_minus,psi_child_change_2023,-0.32871390689556357,-1.5,0.2,asinh,True,estimated_free_transition_parameter,False
4,coordinate_1_minus,psi_child_2007,0.2861651300653869,nan,nan,derived,False,externally_normalized_to_old_completed_fertility,False
4,coordinate_1_minus,psi_child_2023,-0.04254877683017666,nan,nan,derived,False,derived_from_old_intercept_and_transition_coordinate,False
4,coordinate_1_minus,tenure_choice_kappa,0.005,nan,nan,external_profile,False,externally_fixed_profile_not_estimated,False
4,coordinate_1_minus,housing_supply_elasticity,0.63,nan,nan,external_profile,False,externally_fixed_profile_not_estimated,False
5,coordinate_1_plus,beta_annual,0.9957387588331625,0.94,0.9995,discount,True,estimated_free_transition_parameter,False
5,coordinate_1_plus,kappa_fert,2.211000240325617,0.02,50.0,log,True,estimated_free_transition_parameter,False
5,coordinate_1_plus,kappa_fert_continuation,1.7364706586958831,0.02,50.0,log,True,estimated_free_transition_parameter,False
5,coordinate_1_plus,chi,1.0434717373613915,0.1,5.0,log,True,estimated_free_transition_parameter,False
5,coordinate_1_plus,H0,14.562959141565095,0.2,80.0,log,True,estimated_free_transition_parameter,False
5,coordinate_1_plus,theta0,0.5491891806761955,0.0,8.0,softzero,True,estimated_free_transition_parameter,False
5,coordinate_1_plus,theta1,0.10724930821495539,0.02,16.0,log,True,estimated_free_transition_parameter,True
5,coordinate_1_plus,hbar_child_rooms,0.24887678975085575,0.1,1.8,log,True,estimated_free_transition_parameter,False
5,coordinate_1_plus,first_birth_fixed_cost,4.5591384147193255,0.0,8.0,softzero,True,estimated_free_transition_parameter,False
5,coordinate_1_plus,hbar_first_child_jump,0.4649311350610432,0.0,0.5,softzero,True,estimated_free_transition_parameter,False
5,coordinate_1_plus,psi_child_change_2023,-0.32871390689556357,-1.5,0.2,asinh,True,estimated_free_transition_parameter,False
5,coordinate_1_plus,psi_child_2007,0.29284377042365817,nan,nan,derived,False,externally_normalized_to_old_completed_fertility,False
5,coordinate_1_plus,psi_child_2023,-0.0358701364719054,nan,nan,derived,False,derived_from_old_intercept_and_transition_coordinate,False
5,coordinate_1_plus,tenure_choice_kappa,0.005,nan,nan,external_profile,False,externally_fixed_profile_not_estimated,False
5,coordinate_1_plus,housing_supply_elasticity,0.63,nan,nan,external_profile,False,externally_fixed_profile_not_estimated,False
6,coordinate_2_minus,beta_annual,0.9957387588331625,0.94,0.9995,discount,True,estimated_free_transition_parameter,False
6,coordinate_2_minus,kappa_fert,2.1681730392479377,0.02,50.0,log,True,estimated_free_transition_parameter,False
6,coordinate_2_minus,kappa_fert_continuation,1.7028351227474532,0.02,50.0,log,True,estimated_free_transition_parameter,False
6,coordinate_2_minus,chi,1.0434717373613915,0.1,5.0,log,True,estimated_free_transition_parameter,False
6,coordinate_2_minus,H0,14.562959141565095,0.2,80.0,log,True,estimated_free_transition_parameter,False
6,coordinate_2_minus,theta0,0.5491891806761955,0.0,8.0,softzero,True,estimated_free_transition_parameter,False
6,coordinate_2_minus,theta1,0.10724930821495539,0.02,16.0,log,True,estimated_free_transition_parameter,True
6,coordinate_2_minus,hbar_child_rooms,0.24887678975085575,0.1,1.8,log,True,estimated_free_transition_parameter,False
6,coordinate_2_minus,first_birth_fixed_cost,4.5591384147193255,0.0,8.0,softzero,True,estimated_free_transition_parameter,False
6,coordinate_2_minus,hbar_first_child_jump,0.4649311350610432,0.0,0.5,softzero,True,estimated_free_transition_parameter,False
6,coordinate_2_minus,psi_child_change_2023,-0.32871390689556357,-1.5,0.2,asinh,True,estimated_free_transition_parameter,False
6,coordinate_2_minus,psi_child_2007,0.29567623541834964,nan,nan,derived,False,externally_normalized_to_old_completed_fertility,False
6,coordinate_2_minus,psi_child_2023,-0.033037671477213926,nan,nan,derived,False,derived_from_old_intercept_and_transition_coordinate,False
6,coordinate_2_minus,tenure_choice_kappa,0.005,nan,nan,external_profile,False,externally_fixed_profile_not_estimated,False
6,coordinate_2_minus,housing_supply_elasticity,0.63,nan,nan,external_profile,False,externally_fixed_profile_not_estimated,False
7,coordinate_2_plus,beta_annual,0.9957387588331625,0.94,0.9995,discount,True,estimated_free_transition_parameter,False
7,coordinate_2_plus,kappa_fert,2.1681730392479377,0.02,50.0,log,True,estimated_free_transition_parameter,False
7,coordinate_2_plus,kappa_fert_continuation,1.7707705862013259,0.02,50.0,log,True,estimated_free_transition_parameter,False
7,coordinate_2_plus,chi,1.0434717373613915,0.1,5.0,log,True,estimated_free_transition_parameter,False
7,coordinate_2_plus,H0,14.562959141565095,0.2,80.0,log,True,estimated_free_transition_parameter,False
7,coordinate_2_plus,theta0,0.5491891806761955,0.0,8.0,softzero,True,estimated_free_transition_parameter,False
7,coordinate_2_plus,theta1,0.10724930821495539,0.02,16.0,log,True,estimated_free_transition_parameter,True
7,coordinate_2_plus,hbar_child_rooms,0.24887678975085575,0.1,1.8,log,True,estimated_free_transition_parameter,False
7,coordinate_2_plus,first_birth_fixed_cost,4.5591384147193255,0.0,8.0,softzero,True,estimated_free_transition_parameter,False
7,coordinate_2_plus,hbar_first_child_jump,0.4649311350610432,0.0,0.5,softzero,True,estimated_free_transition_parameter,False
7,coordinate_2_plus,psi_child_change_2023,-0.32871390689556357,-1.5,0.2,asinh,True,estimated_free_transition_parameter,False
7,coordinate_2_plus,psi_child_2007,0.2830855424745347,nan,nan,derived,False,externally_normalized_to_old_completed_fertility,False
7,coordinate_2_plus,psi_child_2023,-0.045628364421028855,nan,nan,derived,False,derived_from_old_intercept_and_transition_coordinate,False
7,coordinate_2_plus,tenure_choice_kappa,0.005,nan,nan,external_profile,False,externally_fixed_profile_not_estimated,False
7,coordinate_2_plus,housing_supply_elasticity,0.63,nan,nan,external_profile,False,externally_fixed_profile_not_estimated,False
8,coordinate_3_minus,beta_annual,0.9957387588331625,0.94,0.9995,discount,True,estimated_free_transition_parameter,False
8,coordinate_3_minus,kappa_fert,2.1681730392479377,0.02,50.0,log,True,estimated_free_transition_parameter,False
8,coordinate_3_minus,kappa_fert_continuation,1.7364706586958831,0.02,50.0,log,True,estimated_free_transition_parameter,False
8,coordinate_3_minus,chi,1.0333162652539012,0.1,5.0,log,True,estimated_free_transition_parameter,False
8,coordinate_3_minus,H0,14.562959141565095,0.2,80.0,log,True,estimated_free_transition_parameter,False
8,coordinate_3_minus,theta0,0.5491891806761955,0.0,8.0,softzero,True,estimated_free_transition_parameter,False
8,coordinate_3_minus,theta1,0.10724930821495539,0.02,16.0,log,True,estimated_free_transition_parameter,True
8,coordinate_3_minus,hbar_child_rooms,0.24887678975085575,0.1,1.8,log,True,estimated_free_transition_parameter,False
8,coordinate_3_minus,first_birth_fixed_cost,4.5591384147193255,0.0,8.0,softzero,True,estimated_free_transition_parameter,False
8,coordinate_3_minus,hbar_first_child_jump,0.4649311350610432,0.0,0.5,softzero,True,estimated_free_transition_parameter,False
8,coordinate_3_minus,psi_child_change_2023,-0.32871390689556357,-1.5,0.2,asinh,True,estimated_free_transition_parameter,False
8,coordinate_3_minus,psi_child_2007,0.28957980617159745,nan,nan,derived,False,externally_normalized_to_old_completed_fertility,False
8,coordinate_3_minus,psi_child_2023,-0.039134100723966114,nan,nan,derived,False,derived_from_old_intercept_and_transition_coordinate,False
8,coordinate_3_minus,tenure_choice_kappa,0.005,nan,nan,external_profile,False,externally_fixed_profile_not_estimated,False
8,coordinate_3_minus,housing_supply_elasticity,0.63,nan,nan,external_profile,False,externally_fixed_profile_not_estimated,False
9,coordinate_3_plus,beta_annual,0.9957387588331625,0.94,0.9995,discount,True,estimated_free_transition_parameter,False
9,coordinate_3_plus,kappa_fert,2.1681730392479377,0.02,50.0,log,True,estimated_free_transition_parameter,False
9,coordinate_3_plus,kappa_fert_continuation,1.7364706586958831,0.02,50.0,log,True,estimated_free_transition_parameter,False
9,coordinate_3_plus,chi,1.0537270178404272,0.1,5.0,log,True,estimated_free_transition_parameter,False
9,coordinate_3_plus,H0,14.562959141565095,0.2,80.0,log,True,estimated_free_transition_parameter,False
9,coordinate_3_plus,theta0,0.5491891806761955,0.0,8.0,softzero,True,estimated_free_transition_parameter,False
9,coordinate_3_plus,theta1,0.10724930821495539,0.02,16.0,log,True,estimated_free_transition_parameter,True
9,coordinate_3_plus,hbar_child_rooms,0.24887678975085575,0.1,1.8,log,True,estimated_free_transition_parameter,False
9,coordinate_3_plus,first_birth_fixed_cost,4.5591384147193255,0.0,8.0,softzero,True,estimated_free_transition_parameter,False
9,coordinate_3_plus,hbar_first_child_jump,0.4649311350610432,0.0,0.5,softzero,True,estimated_free_transition_parameter,False
9,coordinate_3_plus,psi_child_change_2023,-0.32871390689556357,-1.5,0.2,asinh,True,estimated_free_transition_parameter,False
9,coordinate_3_plus,psi_child_2007,0.2893737480606846,nan,nan,derived,False,externally_normalized_to_old_completed_fertility,False
9,coordinate_3_plus,psi_child_2023,-0.03934015883487896,nan,nan,derived,False,derived_from_old_intercept_and_transition_coordinate,False
9,coordinate_3_plus,tenure_choice_kappa,0.005,nan,nan,external_profile,False,externally_fixed_profile_not_estimated,False
9,coordinate_3_plus,housing_supply_elasticity,0.63,nan,nan,external_profile,False,externally_fixed_profile_not_estimated,False
10,coordinate_4_minus,beta_annual,0.9957387588331625,0.94,0.9995,discount,True,estimated_free_transition_parameter,False
10,coordinate_4_minus,kappa_fert,2.1681730392479377,0.02,50.0,log,True,estimated_free_transition_parameter,False
10,coordinate_4_minus,kappa_fert_continuation,1.7364706586958831,0.02,50.0,log,True,estimated_free_transition_parameter,False
10,coordinate_4_minus,chi,1.0434717373613915,0.1,5.0,log,True,estimated_free_transition_parameter,False
10,coordinate_4_minus,H0,14.346451056684039,0.2,80.0,log,True,estimated_free_transition_parameter,False
10,coordinate_4_minus,theta0,0.5491891806761955,0.0,8.0,softzero,True,estimated_free_transition_parameter,False
10,coordinate_4_minus,theta1,0.10724930821495539,0.02,16.0,log,True,estimated_free_transition_parameter,True
10,coordinate_4_minus,hbar_child_rooms,0.24887678975085575,0.1,1.8,log,True,estimated_free_transition_parameter,False
10,coordinate_4_minus,first_birth_fixed_cost,4.5591384147193255,0.0,8.0,softzero,True,estimated_free_transition_parameter,False
10,coordinate_4_minus,hbar_first_child_jump,0.4649311350610432,0.0,0.5,softzero,True,estimated_free_transition_parameter,False
10,coordinate_4_minus,psi_child_change_2023,-0.32871390689556357,-1.5,0.2,asinh,True,estimated_free_transition_parameter,False
10,coordinate_4_minus,psi_child_2007,0.2900150002319295,nan,nan,derived,False,externally_normalized_to_old_completed_fertility,False
10,coordinate_4_minus,psi_child_2023,-0.03869890666363407,nan,nan,derived,False,derived_from_old_intercept_and_transition_coordinate,False
10,coordinate_4_minus,tenure_choice_kappa,0.005,nan,nan,external_profile,False,externally_fixed_profile_not_estimated,False
10,coordinate_4_minus,housing_supply_elasticity,0.63,nan,nan,external_profile,False,externally_fixed_profile_not_estimated,False
11,coordinate_4_plus,beta_annual,0.9957387588331625,0.94,0.9995,discount,True,estimated_free_transition_parameter,False
11,coordinate_4_plus,kappa_fert,2.1681730392479377,0.02,50.0,log,True,estimated_free_transition_parameter,False
11,coordinate_4_plus,kappa_fert_continuation,1.7364706586958831,0.02,50.0,log,True,estimated_free_transition_parameter,False
11,coordinate_4_plus,chi,1.0434717373613915,0.1,5.0,log,True,estimated_free_transition_parameter,False
11,coordinate_4_plus,H0,14.78273463736427,0.2,80.0,log,True,estimated_free_transition_parameter,False
11,coordinate_4_plus,theta0,0.5491891806761955,0.0,8.0,softzero,True,estimated_free_transition_parameter,False
11,coordinate_4_plus,theta1,0.10724930821495539,0.02,16.0,log,True,estimated_free_transition_parameter,True
11,coordinate_4_plus,hbar_child_rooms,0.24887678975085575,0.1,1.8,log,True,estimated_free_transition_parameter,False
11,coordinate_4_plus,first_birth_fixed_cost,4.5591384147193255,0.0,8.0,softzero,True,estimated_free_transition_parameter,False
11,coordinate_4_plus,hbar_first_child_jump,0.4649311350610432,0.0,0.5,softzero,True,estimated_free_transition_parameter,False
11,coordinate_4_plus,psi_child_change_2023,-0.32871390689556357,-1.5,0.2,asinh,True,estimated_free_transition_parameter,False
11,coordinate_4_plus,psi_child_2007,0.2889467740266749,nan,nan,derived,False,externally_normalized_to_old_completed_fertility,False
11,coordinate_4_plus,psi_child_2023,-0.039767132868888666,nan,nan,derived,False,derived_from_old_intercept_and_transition_coordinate,False
11,coordinate_4_plus,tenure_choice_kappa,0.005,nan,nan,external_profile,False,externally_fixed_profile_not_estimated,False
11,coordinate_4_plus,housing_supply_elasticity,0.63,nan,nan,external_profile,False,externally_fixed_profile_not_estimated,False
12,coordinate_5_minus,beta_annual,0.9957387588331625,0.94,0.9995,discount,True,estimated_free_transition_parameter,False
12,coordinate_5_minus,kappa_fert,2.1681730392479377,0.02,50.0,log,True,estimated_free_transition_parameter,False
12,coordinate_5_minus,kappa_fert_continuation,1.7364706586958831,0.02,50.0,log,True,estimated_free_transition_parameter,False
12,coordinate_5_minus,chi,1.0434717373613915,0.1,5.0,log,True,estimated_free_transition_parameter,False
12,coordinate_5_minus,H0,14.562959141565095,0.2,80.0,log,True,estimated_free_transition_parameter,False
12,coordinate_5_minus,theta0,0.5387588259047558,0.0,8.0,softzero,True,estimated_free_transition_parameter,False
12,coordinate_5_minus,theta1,0.10724930821495539,0.02,16.0,log,True,estimated_free_transition_parameter,True
12,coordinate_5_minus,hbar_child_rooms,0.24887678975085575,0.1,1.8,log,True,estimated_free_transition_parameter,False
12,coordinate_5_minus,first_birth_fixed_cost,4.5591384147193255,0.0,8.0,softzero,True,estimated_free_transition_parameter,False
12,coordinate_5_minus,hbar_first_child_jump,0.4649311350610432,0.0,0.5,softzero,True,estimated_free_transition_parameter,False
12,coordinate_5_minus,psi_child_change_2023,-0.32871390689556357,-1.5,0.2,asinh,True,estimated_free_transition_parameter,False
12,coordinate_5_minus,psi_child_2007,0.2894600542218598,nan,nan,derived,False,externally_normalized_to_old_completed_fertility,False
12,coordinate_5_minus,psi_child_2023,-0.03925385267370379,nan,nan,derived,False,derived_from_old_intercept_and_transition_coordinate,False
12,coordinate_5_minus,tenure_choice_kappa,0.005,nan,nan,external_profile,False,externally_fixed_profile_not_estimated,False
12,coordinate_5_minus,housing_supply_elasticity,0.63,nan,nan,external_profile,False,externally_fixed_profile_not_estimated,False
13,coordinate_5_plus,beta_annual,0.9957387588331625,0.94,0.9995,discount,True,estimated_free_transition_parameter,False
13,coordinate_5_plus,kappa_fert,2.1681730392479377,0.02,50.0,log,True,estimated_free_transition_parameter,False
13,coordinate_5_plus,kappa_fert_continuation,1.7364706586958831,0.02,50.0,log,True,estimated_free_transition_parameter,False
13,coordinate_5_plus,chi,1.0434717373613915,0.1,5.0,log,True,estimated_free_transition_parameter,False
13,coordinate_5_plus,H0,14.562959141565095,0.2,80.0,log,True,estimated_free_transition_parameter,False
13,coordinate_5_plus,theta0,0.5597195354476353,0.0,8.0,softzero,True,estimated_free_transition_parameter,False
13,coordinate_5_plus,theta1,0.10724930821495539,0.02,16.0,log,True,estimated_free_transition_parameter,True
13,coordinate_5_plus,hbar_child_rooms,0.24887678975085575,0.1,1.8,log,True,estimated_free_transition_parameter,False
13,coordinate_5_plus,first_birth_fixed_cost,4.5591384147193255,0.0,8.0,softzero,True,estimated_free_transition_parameter,False
13,coordinate_5_plus,hbar_first_child_jump,0.4649311350610432,0.0,0.5,softzero,True,estimated_free_transition_parameter,False
13,coordinate_5_plus,psi_child_change_2023,-0.32871390689556357,-1.5,0.2,asinh,True,estimated_free_transition_parameter,False
13,coordinate_5_plus,psi_child_2007,0.2894981164209195,nan,nan,derived,False,externally_normalized_to_old_completed_fertility,False
13,coordinate_5_plus,psi_child_2023,-0.039215790474644074,nan,nan,derived,False,derived_from_old_intercept_and_transition_coordinate,False
13,coordinate_5_plus,tenure_choice_kappa,0.005,nan,nan,external_profile,False,externally_fixed_profile_not_estimated,False
13,coordinate_5_plus,housing_supply_elasticity,0.63,nan,nan,external_profile,False,externally_fixed_profile_not_estimated,False
14,coordinate_6_minus,beta_annual,0.9957387588331625,0.94,0.9995,discount,True,estimated_free_transition_parameter,False
14,coordinate_6_minus,kappa_fert,2.1681730392479377,0.02,50.0,log,True,estimated_free_transition_parameter,False
14,coordinate_6_minus,kappa_fert_continuation,1.7364706586958831,0.02,50.0,log,True,estimated_free_transition_parameter,False
14,coordinate_6_minus,chi,1.0434717373613915,0.1,5.0,log,True,estimated_free_transition_parameter,False
14,coordinate_6_minus,H0,14.562959141565095,0.2,80.0,log,True,estimated_free_transition_parameter,False
14,coordinate_6_minus,theta0,0.5491891806761955,0.0,8.0,softzero,True,estimated_free_transition_parameter,False
14,coordinate_6_minus,theta1,0.10547190121613083,0.02,16.0,log,True,estimated_free_transition_parameter,True
14,coordinate_6_minus,hbar_child_rooms,0.24887678975085575,0.1,1.8,log,True,estimated_free_transition_parameter,False
14,coordinate_6_minus,first_birth_fixed_cost,4.5591384147193255,0.0,8.0,softzero,True,estimated_free_transition_parameter,False
14,coordinate_6_minus,hbar_first_child_jump,0.4649311350610432,0.0,0.5,softzero,True,estimated_free_transition_parameter,False
14,coordinate_6_minus,psi_child_change_2023,-0.32871390689556357,-1.5,0.2,asinh,True,estimated_free_transition_parameter,False
14,coordinate_6_minus,psi_child_2007,0.2894816390200315,nan,nan,derived,False,externally_normalized_to_old_completed_fertility,False
14,coordinate_6_minus,psi_child_2023,-0.03923226787553208,nan,nan,derived,False,derived_from_old_intercept_and_transition_coordinate,False
14,coordinate_6_minus,tenure_choice_kappa,0.005,nan,nan,external_profile,False,externally_fixed_profile_not_estimated,False
14,coordinate_6_minus,housing_supply_elasticity,0.63,nan,nan,external_profile,False,externally_fixed_profile_not_estimated,False
15,coordinate_6_plus,beta_annual,0.9957387588331625,0.94,0.9995,discount,True,estimated_free_transition_parameter,False
15,coordinate_6_plus,kappa_fert,2.1681730392479377,0.02,50.0,log,True,estimated_free_transition_parameter,False
15,coordinate_6_plus,kappa_fert_continuation,1.7364706586958831,0.02,50.0,log,True,estimated_free_transition_parameter,False
15,coordinate_6_plus,chi,1.0434717373613915,0.1,5.0,log,True,estimated_free_transition_parameter,False
15,coordinate_6_plus,H0,14.562959141565095,0.2,80.0,log,True,estimated_free_transition_parameter,False
15,coordinate_6_plus,theta0,0.5491891806761955,0.0,8.0,softzero,True,estimated_free_transition_parameter,False
15,coordinate_6_plus,theta1,0.10905666798416758,0.02,16.0,log,True,estimated_free_transition_parameter,True
15,coordinate_6_plus,hbar_child_rooms,0.24887678975085575,0.1,1.8,log,True,estimated_free_transition_parameter,False
15,coordinate_6_plus,first_birth_fixed_cost,4.5591384147193255,0.0,8.0,softzero,True,estimated_free_transition_parameter,False
15,coordinate_6_plus,hbar_first_child_jump,0.4649311350610432,0.0,0.5,softzero,True,estimated_free_transition_parameter,False
15,coordinate_6_plus,psi_child_change_2023,-0.32871390689556357,-1.5,0.2,asinh,True,estimated_free_transition_parameter,False
15,coordinate_6_plus,psi_child_2007,0.28947670053600877,nan,nan,derived,False,externally_normalized_to_old_completed_fertility,False
15,coordinate_6_plus,psi_child_2023,-0.0392372063595548,nan,nan,derived,False,derived_from_old_intercept_and_transition_coordinate,False
15,coordinate_6_plus,tenure_choice_kappa,0.005,nan,nan,external_profile,False,externally_fixed_profile_not_estimated,False
15,coordinate_6_plus,housing_supply_elasticity,0.63,nan,nan,external_profile,False,externally_fixed_profile_not_estimated,False
16,coordinate_7_minus,beta_annual,0.9957387588331625,0.94,0.9995,discount,True,estimated_free_transition_parameter,False
16,coordinate_7_minus,kappa_fert,2.1681730392479377,0.02,50.0,log,True,estimated_free_transition_parameter,False
16,coordinate_7_minus,kappa_fert_continuation,1.7364706586958831,0.02,50.0,log,True,estimated_free_transition_parameter,False
16,coordinate_7_minus,chi,1.0434717373613915,0.1,5.0,log,True,estimated_free_transition_parameter,False
16,coordinate_7_minus,H0,14.562959141565095,0.2,80.0,log,True,estimated_free_transition_parameter,False
16,coordinate_7_minus,theta0,0.5491891806761955,0.0,8.0,softzero,True,estimated_free_transition_parameter,False
16,coordinate_7_minus,theta1,0.10724930821495539,0.02,16.0,log,True,estimated_free_transition_parameter,True
16,coordinate_7_minus,hbar_child_rooms,0.24708490545163003,0.1,1.8,log,True,estimated_free_transition_parameter,False
16,coordinate_7_minus,first_birth_fixed_cost,4.5591384147193255,0.0,8.0,softzero,True,estimated_free_transition_parameter,False
16,coordinate_7_minus,hbar_first_child_jump,0.4649311350610432,0.0,0.5,softzero,True,estimated_free_transition_parameter,False
16,coordinate_7_minus,psi_child_change_2023,-0.32871390689556357,-1.5,0.2,asinh,True,estimated_free_transition_parameter,False
16,coordinate_7_minus,psi_child_2007,0.2893348337131611,nan,nan,derived,False,externally_normalized_to_old_completed_fertility,False
16,coordinate_7_minus,psi_child_2023,-0.03937907318240247,nan,nan,derived,False,derived_from_old_intercept_and_transition_coordinate,False
16,coordinate_7_minus,tenure_choice_kappa,0.005,nan,nan,external_profile,False,externally_fixed_profile_not_estimated,False
16,coordinate_7_minus,housing_supply_elasticity,0.63,nan,nan,external_profile,False,externally_fixed_profile_not_estimated,False
17,coordinate_7_plus,beta_annual,0.9957387588331625,0.94,0.9995,discount,True,estimated_free_transition_parameter,False
17,coordinate_7_plus,kappa_fert,2.1681730392479377,0.02,50.0,log,True,estimated_free_transition_parameter,False
17,coordinate_7_plus,kappa_fert_continuation,1.7364706586958831,0.02,50.0,log,True,estimated_free_transition_parameter,False
17,coordinate_7_plus,chi,1.0434717373613915,0.1,5.0,log,True,estimated_free_transition_parameter,False
17,coordinate_7_plus,H0,14.562959141565095,0.2,80.0,log,True,estimated_free_transition_parameter,False
17,coordinate_7_plus,theta0,0.5491891806761955,0.0,8.0,softzero,True,estimated_free_transition_parameter,False
17,coordinate_7_plus,theta1,0.10724930821495539,0.02,16.0,log,True,estimated_free_transition_parameter,True
17,coordinate_7_plus,hbar_child_rooms,0.2506816689731665,0.1,1.8,log,True,estimated_free_transition_parameter,False
17,coordinate_7_plus,first_birth_fixed_cost,4.5591384147193255,0.0,8.0,softzero,True,estimated_free_transition_parameter,False
17,coordinate_7_plus,hbar_first_child_jump,0.4649311350610432,0.0,0.5,softzero,True,estimated_free_transition_parameter,False
17,coordinate_7_plus,psi_child_change_2023,-0.32871390689556357,-1.5,0.2,asinh,True,estimated_free_transition_parameter,False
17,coordinate_7_plus,psi_child_2007,0.2896253995125814,nan,nan,derived,False,externally_normalized_to_old_completed_fertility,False
17,coordinate_7_plus,psi_child_2023,-0.03908850738298214,nan,nan,derived,False,derived_from_old_intercept_and_transition_coordinate,False
17,coordinate_7_plus,tenure_choice_kappa,0.005,nan,nan,external_profile,False,externally_fixed_profile_not_estimated,False
17,coordinate_7_plus,housing_supply_elasticity,0.63,nan,nan,external_profile,False,externally_fixed_profile_not_estimated,False
18,coordinate_8_minus,beta_annual,0.9957387588331625,0.94,0.9995,discount,True,estimated_free_transition_parameter,False
18,coordinate_8_minus,kappa_fert,2.1681730392479377,0.02,50.0,log,True,estimated_free_transition_parameter,False
18,coordinate_8_minus,kappa_fert_continuation,1.7364706586958831,0.02,50.0,log,True,estimated_free_transition_parameter,False
18,coordinate_8_minus,chi,1.0434717373613915,0.1,5.0,log,True,estimated_free_transition_parameter,False
18,coordinate_8_minus,H0,14.562959141565095,0.2,80.0,log,True,estimated_free_transition_parameter,False
18,coordinate_8_minus,theta0,0.5491891806761955,0.0,8.0,softzero,True,estimated_free_transition_parameter,False
18,coordinate_8_minus,theta1,0.10724930821495539,0.02,16.0,log,True,estimated_free_transition_parameter,True
18,coordinate_8_minus,hbar_child_rooms,0.24887678975085575,0.1,1.8,log,True,estimated_free_transition_parameter,False
18,coordinate_8_minus,first_birth_fixed_cost,4.528991930106977,0.0,8.0,softzero,True,estimated_free_transition_parameter,False
18,coordinate_8_minus,hbar_first_child_jump,0.4649311350610432,0.0,0.5,softzero,True,estimated_free_transition_parameter,False
18,coordinate_8_minus,psi_child_change_2023,-0.32871390689556357,-1.5,0.2,asinh,True,estimated_free_transition_parameter,False
18,coordinate_8_minus,psi_child_2007,0.2876368457303145,nan,nan,derived,False,externally_normalized_to_old_completed_fertility,False
18,coordinate_8_minus,psi_child_2023,-0.04107706116524906,nan,nan,derived,False,derived_from_old_intercept_and_transition_coordinate,False
18,coordinate_8_minus,tenure_choice_kappa,0.005,nan,nan,external_profile,False,externally_fixed_profile_not_estimated,False
18,coordinate_8_minus,housing_supply_elasticity,0.63,nan,nan,external_profile,False,externally_fixed_profile_not_estimated,False
19,coordinate_8_plus,beta_annual,0.9957387588331625,0.94,0.9995,discount,True,estimated_free_transition_parameter,False
19,coordinate_8_plus,kappa_fert,2.1681730392479377,0.02,50.0,log,True,estimated_free_transition_parameter,False
19,coordinate_8_plus,kappa_fert_continuation,1.7364706586958831,0.02,50.0,log,True,estimated_free_transition_parameter,False
19,coordinate_8_plus,chi,1.0434717373613915,0.1,5.0,log,True,estimated_free_transition_parameter,False
19,coordinate_8_plus,H0,14.562959141565095,0.2,80.0,log,True,estimated_free_transition_parameter,False
19,coordinate_8_plus,theta0,0.5491891806761955,0.0,8.0,softzero,True,estimated_free_transition_parameter,False
19,coordinate_8_plus,theta1,0.10724930821495539,0.02,16.0,log,True,estimated_free_transition_parameter,True
19,coordinate_8_plus,hbar_child_rooms,0.24887678975085575,0.1,1.8,log,True,estimated_free_transition_parameter,False
19,coordinate_8_plus,first_birth_fixed_cost,4.589384899331675,0.0,8.0,softzero,True,estimated_free_transition_parameter,False
19,coordinate_8_plus,hbar_first_child_jump,0.4649311350610432,0.0,0.5,softzero,True,estimated_free_transition_parameter,False
19,coordinate_8_plus,psi_child_change_2023,-0.32871390689556357,-1.5,0.2,asinh,True,estimated_free_transition_parameter,False
19,coordinate_8_plus,psi_child_2007,0.2913336371063502,nan,nan,derived,False,externally_normalized_to_old_completed_fertility,False
19,coordinate_8_plus,psi_child_2023,-0.03738026978921338,nan,nan,derived,False,derived_from_old_intercept_and_transition_coordinate,False
19,coordinate_8_plus,tenure_choice_kappa,0.005,nan,nan,external_profile,False,externally_fixed_profile_not_estimated,False
19,coordinate_8_plus,housing_supply_elasticity,0.63,nan,nan,external_profile,False,externally_fixed_profile_not_estimated,False
20,coordinate_9_minus,beta_annual,0.9957387588331625,0.94,0.9995,discount,True,estimated_free_transition_parameter,False
20,coordinate_9_minus,kappa_fert,2.1681730392479377,0.02,50.0,log,True,estimated_free_transition_parameter,False
20,coordinate_9_minus,kappa_fert_continuation,1.7364706586958831,0.02,50.0,log,True,estimated_free_transition_parameter,False
20,coordinate_9_minus,chi,1.0434717373613915,0.1,5.0,log,True,estimated_free_transition_parameter,False
20,coordinate_9_minus,H0,14.562959141565095,0.2,80.0,log,True,estimated_free_transition_parameter,False
20,coordinate_9_minus,theta0,0.5491891806761955,0.0,8.0,softzero,True,estimated_free_transition_parameter,False
20,coordinate_9_minus,theta1,0.10724930821495539,0.02,16.0,log,True,estimated_free_transition_parameter,True
20,coordinate_9_minus,hbar_child_rooms,0.24887678975085575,0.1,1.8,log,True,estimated_free_transition_parameter,False
20,coordinate_9_minus,first_birth_fixed_cost,4.5591384147193255,0.0,8.0,softzero,True,estimated_free_transition_parameter,False
20,coordinate_9_minus,hbar_first_child_jump,0.4625235259014431,0.0,0.5,softzero,True,estimated_free_transition_parameter,False
20,coordinate_9_minus,psi_child_change_2023,-0.32871390689556357,-1.5,0.2,asinh,True,estimated_free_transition_parameter,False
20,coordinate_9_minus,psi_child_2007,0.28934776812076746,nan,nan,derived,False,externally_normalized_to_old_completed_fertility,False
20,coordinate_9_minus,psi_child_2023,-0.03936613877479611,nan,nan,derived,False,derived_from_old_intercept_and_transition_coordinate,False
20,coordinate_9_minus,tenure_choice_kappa,0.005,nan,nan,external_profile,False,externally_fixed_profile_not_estimated,False
20,coordinate_9_minus,housing_supply_elasticity,0.63,nan,nan,external_profile,False,externally_fixed_profile_not_estimated,False
21,coordinate_9_plus,beta_annual,0.9957387588331625,0.94,0.9995,discount,True,estimated_free_transition_parameter,False
21,coordinate_9_plus,kappa_fert,2.1681730392479377,0.02,50.0,log,True,estimated_free_transition_parameter,False
21,coordinate_9_plus,kappa_fert_continuation,1.7364706586958831,0.02,50.0,log,True,estimated_free_transition_parameter,False
21,coordinate_9_plus,chi,1.0434717373613915,0.1,5.0,log,True,estimated_free_transition_parameter,False
21,coordinate_9_plus,H0,14.562959141565095,0.2,80.0,log,True,estimated_free_transition_parameter,False
21,coordinate_9_plus,theta0,0.5491891806761955,0.0,8.0,softzero,True,estimated_free_transition_parameter,False
21,coordinate_9_plus,theta1,0.10724930821495539,0.02,16.0,log,True,estimated_free_transition_parameter,True
21,coordinate_9_plus,hbar_child_rooms,0.24887678975085575,0.1,1.8,log,True,estimated_free_transition_parameter,False
21,coordinate_9_plus,first_birth_fixed_cost,4.5591384147193255,0.0,8.0,softzero,True,estimated_free_transition_parameter,False
21,coordinate_9_plus,hbar_first_child_jump,0.4673449942206433,0.0,0.5,softzero,True,estimated_free_transition_parameter,False
21,coordinate_9_plus,psi_child_change_2023,-0.32871390689556357,-1.5,0.2,asinh,True,estimated_free_transition_parameter,False
21,coordinate_9_plus,psi_child_2007,0.2896117710149787,nan,nan,derived,False,externally_normalized_to_old_completed_fertility,False
21,coordinate_9_plus,psi_child_2023,-0.039102135880584865,nan,nan,derived,False,derived_from_old_intercept_and_transition_coordinate,False
21,coordinate_9_plus,tenure_choice_kappa,0.005,nan,nan,external_profile,False,externally_fixed_profile_not_estimated,False
21,coordinate_9_plus,housing_supply_elasticity,0.63,nan,nan,external_profile,False,externally_fixed_profile_not_estimated,False
22,coordinate_10_minus,beta_annual,0.9957387588331625,0.94,0.9995,discount,True,estimated_free_transition_parameter,False
22,coordinate_10_minus,kappa_fert,2.1681730392479377,0.02,50.0,log,True,estimated_free_transition_parameter,False
22,coordinate_10_minus,kappa_fert_continuation,1.7364706586958831,0.02,50.0,log,True,estimated_free_transition_parameter,False
22,coordinate_10_minus,chi,1.0434717373613915,0.1,5.0,log,True,estimated_free_transition_parameter,False
22,coordinate_10_minus,H0,14.562959141565095,0.2,80.0,log,True,estimated_free_transition_parameter,False
22,coordinate_10_minus,theta0,0.5491891806761955,0.0,8.0,softzero,True,estimated_free_transition_parameter,False
22,coordinate_10_minus,theta1,0.10724930821495539,0.02,16.0,log,True,estimated_free_transition_parameter,True
22,coordinate_10_minus,hbar_child_rooms,0.24887678975085575,0.1,1.8,log,True,estimated_free_transition_parameter,False
22,coordinate_10_minus,first_birth_fixed_cost,4.5591384147193255,0.0,8.0,softzero,True,estimated_free_transition_parameter,False
22,coordinate_10_minus,hbar_first_child_jump,0.4649311350610432,0.0,0.5,softzero,True,estimated_free_transition_parameter,False
22,coordinate_10_minus,psi_child_change_2023,-0.332382923761126,-1.5,0.2,asinh,True,estimated_free_transition_parameter,False
22,coordinate_10_minus,psi_child_2007,0.28947879008266236,nan,nan,derived,False,externally_normalized_to_old_completed_fertility,False
22,coordinate_10_minus,psi_child_2023,-0.04290413367846363,nan,nan,derived,False,derived_from_old_intercept_and_transition_coordinate,False
22,coordinate_10_minus,tenure_choice_kappa,0.005,nan,nan,external_profile,False,externally_fixed_profile_not_estimated,False
22,coordinate_10_minus,housing_supply_elasticity,0.63,nan,nan,external_profile,False,externally_fixed_profile_not_estimated,False
23,coordinate_10_plus,beta_annual,0.9957387588331625,0.94,0.9995,discount,True,estimated_free_transition_parameter,False
23,coordinate_10_plus,kappa_fert,2.1681730392479377,0.02,50.0,log,True,estimated_free_transition_parameter,False
23,coordinate_10_plus,kappa_fert_continuation,1.7364706586958831,0.02,50.0,log,True,estimated_free_transition_parameter,False
23,coordinate_10_plus,chi,1.0434717373613915,0.1,5.0,log,True,estimated_free_transition_parameter,False
23,coordinate_10_plus,H0,14.562959141565095,0.2,80.0,log,True,estimated_free_transition_parameter,False
23,coordinate_10_plus,theta0,0.5491891806761955,0.0,8.0,softzero,True,estimated_free_transition_parameter,False
23,coordinate_10_plus,theta1,0.10724930821495539,0.02,16.0,log,True,estimated_free_transition_parameter,True
23,coordinate_10_plus,hbar_child_rooms,0.24887678975085575,0.1,1.8,log,True,estimated_free_transition_parameter,False
23,coordinate_10_plus,first_birth_fixed_cost,4.5591384147193255,0.0,8.0,softzero,True,estimated_free_transition_parameter,False
23,coordinate_10_plus,hbar_first_child_jump,0.4649311350610432,0.0,0.5,softzero,True,estimated_free_transition_parameter,False
23,coordinate_10_plus,psi_child_change_2023,-0.32504887920775744,-1.5,0.2,asinh,True,estimated_free_transition_parameter,False
23,coordinate_10_plus,psi_child_2007,0.28947879008266236,nan,nan,derived,False,externally_normalized_to_old_completed_fertility,False
23,coordinate_10_plus,psi_child_2023,-0.03557008912509507,nan,nan,derived,False,derived_from_old_intercept_and_transition_coordinate,False
23,coordinate_10_plus,tenure_choice_kappa,0.005,nan,nan,external_profile,False,externally_fixed_profile_not_estimated,False
23,coordinate_10_plus,housing_supply_elasticity,0.63,nan,nan,external_profile,False,externally_fixed_profile_not_estimated,False
