stage,case_id,label,candidate,moment,target,model,gap,weight,loss_contribution,standardized_gap
smoke,1,candidate_exact_repeat_1,task_001,tfr,1.918,1.9216975578798428,0.0036975578798428277,1425.7389910084596,0.019492609778069915,0.13961593669087322
smoke,1,candidate_exact_repeat_1,task_001,childless_rate,0.188,0.18985895060790128,0.001858950607901283,17180.743822072007,0.05937145111372481,0.24366257635042116
smoke,1,candidate_exact_repeat_1,task_001,mean_age_first_birth,26.0446272574833,26.251702786396663,0.20707552891336434,44.44444444444444,1.9057899855444262,1.3805035260890957
smoke,1,candidate_exact_repeat_1,task_001,share_first_births_age30plus,0.260327401666964,0.23716275185854563,-0.02316464980841837,10000.0,5.366010007466572,-2.316464980841837
smoke,1,candidate_exact_repeat_1,task_001,housing_increment_0to1,0.7202462623815278,0.46604419298872113,-0.25420206939280665,137.5652749002964,8.889288140176017,-2.9814909257242452
smoke,1,candidate_exact_repeat_1,task_001,prime30_55_parent_3plus_minus_1to2_mean_rooms,0.36769955881,0.37919818852699816,0.011498629716998165,2958.514988007638,0.3911703706547702,0.6254361443463036
smoke,1,candidate_exact_repeat_1,task_001,own_family_gap,0.16766167,0.1695784661356256,0.0019167961356255925,14229.590955975675,0.05228104579387803,0.22865048828698797
smoke,1,candidate_exact_repeat_1,task_001,own_rate,0.575472,0.5466182046608248,-0.028853795339175203,1207.8460856134493,1.0055819984987173,-1.0027871152436678
smoke,1,candidate_exact_repeat_1,task_001,aggregate_mean_occupied_rooms_18_85,5.779970481941968,6.3285941535538965,0.5486236716119288,11.973159013172177,3.603776383489034,1.8983614996857248
smoke,1,candidate_exact_repeat_1,task_001,aggregate_wealth_to_annual_gross_labor_earnings,6.8731,7.0311956981510075,0.15809569815100755,6.287669427540395,0.15715558016737333,0.3964285309704302
smoke,1,candidate_exact_repeat_1,task_001,annual_bequest_flow_to_aggregate_wealth,0.0088,0.008484568648442574,-0.00031543135155742696,5165289.256198346,0.5139304625276088,-0.7168894353577885
smoke,1,candidate_exact_repeat_1,task_001,old_total_wealth_to_annual_income_p90_p50_7684,3.44811075444552,3.303594814389452,-0.14451594005606827,56.95977216091135,1.1895966923624985,-1.0906863400457982
smoke,2,candidate_exact_repeat_2,task_001,tfr,1.918,1.9216975578798428,0.0036975578798428277,1425.7389910084596,0.019492609778069915,0.13961593669087322
smoke,2,candidate_exact_repeat_2,task_001,childless_rate,0.188,0.18985895060790128,0.001858950607901283,17180.743822072007,0.05937145111372481,0.24366257635042116
smoke,2,candidate_exact_repeat_2,task_001,mean_age_first_birth,26.0446272574833,26.251702786396663,0.20707552891336434,44.44444444444444,1.9057899855444262,1.3805035260890957
smoke,2,candidate_exact_repeat_2,task_001,share_first_births_age30plus,0.260327401666964,0.23716275185854563,-0.02316464980841837,10000.0,5.366010007466572,-2.316464980841837
smoke,2,candidate_exact_repeat_2,task_001,housing_increment_0to1,0.7202462623815278,0.46604419298872113,-0.25420206939280665,137.5652749002964,8.889288140176017,-2.9814909257242452
smoke,2,candidate_exact_repeat_2,task_001,prime30_55_parent_3plus_minus_1to2_mean_rooms,0.36769955881,0.37919818852699816,0.011498629716998165,2958.514988007638,0.3911703706547702,0.6254361443463036
smoke,2,candidate_exact_repeat_2,task_001,own_family_gap,0.16766167,0.1695784661356256,0.0019167961356255925,14229.590955975675,0.05228104579387803,0.22865048828698797
smoke,2,candidate_exact_repeat_2,task_001,own_rate,0.575472,0.5466182046608248,-0.028853795339175203,1207.8460856134493,1.0055819984987173,-1.0027871152436678
smoke,2,candidate_exact_repeat_2,task_001,aggregate_mean_occupied_rooms_18_85,5.779970481941968,6.3285941535538965,0.5486236716119288,11.973159013172177,3.603776383489034,1.8983614996857248
smoke,2,candidate_exact_repeat_2,task_001,aggregate_wealth_to_annual_gross_labor_earnings,6.8731,7.0311956981510075,0.15809569815100755,6.287669427540395,0.15715558016737333,0.3964285309704302
smoke,2,candidate_exact_repeat_2,task_001,annual_bequest_flow_to_aggregate_wealth,0.0088,0.008484568648442574,-0.00031543135155742696,5165289.256198346,0.5139304625276088,-0.7168894353577885
smoke,2,candidate_exact_repeat_2,task_001,old_total_wealth_to_annual_income_p90_p50_7684,3.44811075444552,3.303594814389452,-0.14451594005606827,56.95977216091135,1.1895966923624985,-1.0906863400457982
round1,1,anchor,task_001,tfr,1.918,1.9216975578798428,0.0036975578798428277,1425.7389910084596,0.019492609778069915,0.13961593669087322
round1,1,anchor,task_001,childless_rate,0.188,0.18985895060790128,0.001858950607901283,17180.743822072007,0.05937145111372481,0.24366257635042116
round1,1,anchor,task_001,mean_age_first_birth,26.0446272574833,26.251702786396663,0.20707552891336434,44.44444444444444,1.9057899855444262,1.3805035260890957
round1,1,anchor,task_001,share_first_births_age30plus,0.260327401666964,0.23716275185854563,-0.02316464980841837,10000.0,5.366010007466572,-2.316464980841837
round1,1,anchor,task_001,housing_increment_0to1,0.7202462623815278,0.46604419298872113,-0.25420206939280665,137.5652749002964,8.889288140176017,-2.9814909257242452
round1,1,anchor,task_001,prime30_55_parent_3plus_minus_1to2_mean_rooms,0.36769955881,0.37919818852699816,0.011498629716998165,2958.514988007638,0.3911703706547702,0.6254361443463036
round1,1,anchor,task_001,own_family_gap,0.16766167,0.1695784661356256,0.0019167961356255925,14229.590955975675,0.05228104579387803,0.22865048828698797
round1,1,anchor,task_001,own_rate,0.575472,0.5466182046608248,-0.028853795339175203,1207.8460856134493,1.0055819984987173,-1.0027871152436678
round1,1,anchor,task_001,aggregate_mean_occupied_rooms_18_85,5.779970481941968,6.3285941535538965,0.5486236716119288,11.973159013172177,3.603776383489034,1.8983614996857248
round1,1,anchor,task_001,aggregate_wealth_to_annual_gross_labor_earnings,6.8731,7.0311956981510075,0.15809569815100755,6.287669427540395,0.15715558016737333,0.3964285309704302
round1,1,anchor,task_001,annual_bequest_flow_to_aggregate_wealth,0.0088,0.008484568648442574,-0.00031543135155742696,5165289.256198346,0.5139304625276088,-0.7168894353577885
round1,1,anchor,task_001,old_total_wealth_to_annual_income_p90_p50_7684,3.44811075444552,3.303594814389452,-0.14451594005606827,56.95977216091135,1.1895966923624985,-1.0906863400457982
round1,2,coordinate_0_minus,task_002,tfr,1.918,1.9218521134967719,0.0038521134967719473,1425.7389910084596,0.021156224932426176,0.14545179590650015
round1,2,coordinate_0_minus,task_002,childless_rate,0.188,0.18987941661527058,0.0018794166152705793,17180.743822072007,0.06068594039370394,0.2463451651518737
round1,2,coordinate_0_minus,task_002,mean_age_first_birth,26.0446272574833,26.252718754348887,0.20809149686558825,44.44444444444444,1.9245364919004946,1.3872766457705883
round1,2,coordinate_0_minus,task_002,share_first_births_age30plus,0.260327401666964,0.2372346208900253,-0.023092780776938687,10000.0,5.33276524011749,-2.3092780776938686
round1,2,coordinate_0_minus,task_002,housing_increment_0to1,0.7202462623815278,0.4652824092979406,-0.25496385308358716,137.5652749002964,8.942646174283004,-2.9904257513409362
round1,2,coordinate_0_minus,task_002,prime30_55_parent_3plus_minus_1to2_mean_rooms,0.36769955881,0.379181524022127,0.011481965212127021,2958.514988007638,0.39003737705634445,0.6245297247180028
round1,2,coordinate_0_minus,task_002,own_family_gap,0.16766167,0.1694258346876894,0.0017641646876893902,14229.590955975675,0.044286429296152174,0.21044341114929727
round1,2,coordinate_0_minus,task_002,own_rate,0.575472,0.5462517899995138,-0.029220210000486135,1207.8460856134493,1.0312839570617642,-1.0155215197433112
round1,2,coordinate_0_minus,task_002,aggregate_mean_occupied_rooms_18_85,5.779970481941968,6.328205545185151,0.5482350632431832,11.973159013172177,3.5986728426146124,1.8970168271827776
round1,2,coordinate_0_minus,task_002,aggregate_wealth_to_annual_gross_labor_earnings,6.8731,7.020861117879601,0.14776111787960122,6.287669427540395,0.13728087445026535,0.3705143377121395
round1,2,coordinate_0_minus,task_002,annual_bequest_flow_to_aggregate_wealth,0.0088,0.008486372869635373,-0.00031362713036462743,5165289.256198346,0.508068062503879,-0.7127889326468804
round1,2,coordinate_0_minus,task_002,old_total_wealth_to_annual_income_p90_p50_7684,3.44811075444552,3.267547843984865,-0.18056291046065498,56.95977216091135,1.8570574373241724,-1.3627389468728677
round1,3,coordinate_0_plus,task_003,tfr,1.918,1.921561094355758,0.003561094355758021,1425.7389910084596,0.018080356475531165,0.13446321606867495
round1,3,coordinate_0_plus,task_003,childless_rate,0.188,0.18983347048461638,0.0018334704846163785,17180.743822072007,0.05775502927124692,0.2403227606183961
round1,3,coordinate_0_plus,task_003,mean_age_first_birth,26.0446272574833,26.25067305228488,0.20604579480158236,44.44444444444444,1.8868830913518124,1.373638632010549
round1,3,coordinate_0_plus,task_003,share_first_births_age30plus,0.260327401666964,0.23709032148339312,-0.023237080183570874,10000.0,5.399618954577022,-2.3237080183570873
round1,3,coordinate_0_plus,task_003,housing_increment_0to1,0.7202462623815278,0.4667059613843767,-0.2535403009971511,137.5652749002964,8.8430651273912,-2.9737291617413986
round1,3,coordinate_0_plus,task_003,prime30_55_parent_3plus_minus_1to2_mean_rooms,0.36769955881,0.3793769204784523,0.01167736166845229,2958.514988007638,0.40342539819912454,0.6351577742570145
round1,3,coordinate_0_plus,task_003,own_family_gap,0.16766167,0.17000268141493013,0.002341011414930122,14229.590955975675,0.0779829174519195,0.2792542165338234
round1,3,coordinate_0_plus,task_003,own_rate,0.575472,0.5468688253997201,-0.028603174600279835,1207.8460856134493,0.9881891256725781,-0.9940770220021073
round1,3,coordinate_0_plus,task_003,aggregate_mean_occupied_rooms_18_85,5.779970481941968,6.328827476272862,0.5488569943308939,11.973159013172177,3.606842316469289,1.8991688488571228
round1,3,coordinate_0_plus,task_003,aggregate_wealth_to_annual_gross_labor_earnings,6.8731,7.040926297171548,0.16782629717154762,6.287669427540395,0.1770963971548083,0.4208282276117042
round1,3,coordinate_0_plus,task_003,annual_bequest_flow_to_aggregate_wealth,0.0088,0.008482811893419153,-0.0003171881065808478,5165289.256198346,0.519670945022434,-0.7208820604110177
round1,3,coordinate_0_plus,task_003,old_total_wealth_to_annual_income_p90_p50_7684,3.44811075444552,3.3035325624263203,-0.14457819201919975,56.95977216091135,1.190621778998396,-1.0911561661826394
round1,4,coordinate_1_minus,task_004,tfr,1.918,1.9209030131151827,0.0029030131151828176,1425.7389910084596,0.012015394170113417,0.10961475343270821
round1,4,coordinate_1_minus,task_004,childless_rate,0.188,0.1907768597395126,0.0027768597395126104,17180.743822072007,0.13247985679688518,0.36397782459496786
round1,4,coordinate_1_minus,task_004,mean_age_first_birth,26.0446272574833,26.19362576446569,0.14899850698239092,44.44444444444444,0.9866913370214043,0.9933233798826062
round1,4,coordinate_1_minus,task_004,share_first_births_age30plus,0.260327401666964,0.23355941862467713,-0.026767983042286864,10000.0,7.165249161521571,-2.6767983042286865
round1,4,coordinate_1_minus,task_004,housing_increment_0to1,0.7202462623815278,0.4654173061341913,-0.2548289562473365,137.5652749002964,8.933185887760567,-2.9888435703061758
round1,4,coordinate_1_minus,task_004,prime30_55_parent_3plus_minus_1to2_mean_rooms,0.36769955881,0.3777255707612692,0.010026011951269231,2958.514988007638,0.2973926355498816,0.5453371760203788
round1,4,coordinate_1_minus,task_004,own_family_gap,0.16766167,0.17190977274749863,0.004248102747498622,14229.590955975675,0.25679256228288155,0.50674703973766
round1,4,coordinate_1_minus,task_004,own_rate,0.575472,0.5465842872733319,-0.028887712726668124,1207.8460856134493,1.0079474939194781,-1.0039658828463636
round1,4,coordinate_1_minus,task_004,aggregate_mean_occupied_rooms_18_85,5.779970481941968,6.328152851011469,0.5481823690695009,11.973159013172177,3.5979810956202645,1.8968344934707047
round1,4,coordinate_1_minus,task_004,aggregate_wealth_to_annual_gross_labor_earnings,6.8731,7.02945079480462,0.1563507948046201,6.287669427540395,0.1537056696420532,0.392053146450903
round1,4,coordinate_1_minus,task_004,annual_bequest_flow_to_aggregate_wealth,0.0088,0.008485748481993004,-0.00031425151800699644,5165289.256198346,0.5100930607939131,-0.7142079954704463
round1,4,coordinate_1_minus,task_004,old_total_wealth_to_annual_income_p90_p50_7684,3.44811075444552,3.303778326311326,-0.14433242813419422,56.95977216091135,1.186577418931283,-1.089301344409013
round1,5,coordinate_1_plus,task_005,tfr,1.918,1.9225172141969589,0.004517214196958941,1425.7389910084596,0.02909252362135695,0.17056530603073108
round1,5,coordinate_1_plus,task_005,childless_rate,0.188,0.18895537810328594,0.0009553781032859421,17180.743822072007,0.015681677883295993,0.12522650631274512
round1,5,coordinate_1_plus,task_005,mean_age_first_birth,26.0446272574833,26.309108174086905,0.2644809166036062,44.44444444444444,3.1088957887770525,1.7632061106907078
round1,5,coordinate_1_plus,task_005,share_first_births_age30plus,0.260327401666964,0.24072870229315857,-0.019598699373805428,10000.0,3.841090171448013,-1.9598699373805428
round1,5,coordinate_1_plus,task_005,housing_increment_0to1,0.7202462623815278,0.4666537878889123,-0.25359247449261546,137.5652749002964,8.846704951807334,-2.974341095403709
round1,5,coordinate_1_plus,task_005,prime30_55_parent_3plus_minus_1to2_mean_rooms,0.36769955881,0.38056999929260193,0.012870440482601941,2958.514988007638,0.490072795499684,0.7000519948544422
round1,5,coordinate_1_plus,task_005,own_family_gap,0.16766167,0.16731532417163958,-0.0003463458283604337,14229.590955975675,0.0017069167420136837,-0.041314848928849825
round1,5,coordinate_1_plus,task_005,own_rate,0.575472,0.5466521679574603,-0.028819832042539684,1207.8460856134493,1.0032160858742498,-1.001606752110952
round1,5,coordinate_1_plus,task_005,aggregate_mean_occupied_rooms_18_85,5.779970481941968,6.329139002109268,0.5491685201673002,11.973159013172177,3.6109378949539033,1.9002467984327465
round1,5,coordinate_1_plus,task_005,aggregate_wealth_to_annual_gross_labor_earnings,6.8731,7.03250132643352,0.15940132643352012,6.287669427540395,0.15976202723494987,0.3997024233538619
round1,5,coordinate_1_plus,task_005,annual_bequest_flow_to_aggregate_wealth,0.0088,0.00848337245788727,-0.0003166275421127313,5165289.256198346,0.5178357459935403,-0.7196080502562074
round1,5,coordinate_1_plus,task_005,old_total_wealth_to_annual_income_p90_p50_7684,3.44811075444552,3.303573125506638,-0.144537628938882,56.95977216091135,1.189953787356294,-1.0908500297274113
round1,6,coordinate_2_minus,task_006,tfr,1.918,1.9194605489063101,0.0014605489063101995,1425.7389910084596,0.003041390846422412,0.05514880639163836
round1,6,coordinate_2_minus,task_006,childless_rate,0.188,0.191610820323174,0.003610820323174002,17180.743822072007,0.22400294008889818,0.47328948867357934
round1,6,coordinate_2_minus,task_006,mean_age_first_birth,26.0446272574833,26.28993123754478,0.24530398006148246,44.44444444444444,2.6744018948446304,1.6353598670765497
round1,6,coordinate_2_minus,task_006,share_first_births_age30plus,0.260327401666964,0.23930409295467298,-0.021023308712291022,10000.0,4.419795092122916,-2.1023308712291024
round1,6,coordinate_2_minus,task_006,housing_increment_0to1,0.7202462623815278,0.4658771102441088,-0.25436915213741895,137.5652749002964,8.900977539695724,-2.9834506095619755
round1,6,coordinate_2_minus,task_006,prime30_55_parent_3plus_minus_1to2_mean_rooms,0.36769955881,0.38123860199964366,0.013539043189643662,2958.514988007638,0.5423126327048204,0.7364187889406546
round1,6,coordinate_2_minus,task_006,own_family_gap,0.16766167,0.1697620380871679,0.0021003680871678754,14229.590955975675,0.06277449650910091,0.25054839155161407
round1,6,coordinate_2_minus,task_006,own_rate,0.575472,0.5466957599196748,-0.0287762400803252,1207.8460856134493,1.0001835155450542,-1.000091753563169
round1,6,coordinate_2_minus,task_006,aggregate_mean_occupied_rooms_18_85,5.779970481941968,6.328572978371435,0.5486024964294671,11.973159013172177,3.603498199539844,1.8982882287839862
round1,6,coordinate_2_minus,task_006,aggregate_wealth_to_annual_gross_labor_earnings,6.8731,7.031870126510407,0.15877012651040712,6.287669427540395,0.15849927586250906,0.3981196753019236
round1,6,coordinate_2_minus,task_006,annual_bequest_flow_to_aggregate_wealth,0.0088,0.008483441532061237,-0.0003165584679387639,5165289.256198346,0.5176098327672386,-0.7194510634971906
round1,6,coordinate_2_minus,task_006,old_total_wealth_to_annual_income_p90_p50_7684,3.44811075444552,3.3037468440396367,-0.14436391040588337,56.95977216091135,1.1870951158520708,-1.0895389464594971
round1,7,coordinate_2_plus,task_007,tfr,1.918,1.9239415828030006,0.005941582803000722,1425.7389910084596,0.05033201700276475,0.22434798194493472
round1,7,coordinate_2_plus,task_007,childless_rate,0.188,0.18810424621016253,0.00010424621016252855,17180.743822072007,0.00018670782200226022,0.013664107069335348
round1,7,coordinate_2_plus,task_007,mean_age_first_birth,26.0446272574833,26.213176225199017,0.1685489677157186,44.44444444444444,1.2626113119126376,1.1236597847714573
round1,7,coordinate_2_plus,task_007,share_first_births_age30plus,0.260327401666964,0.23500435983373855,-0.02532304183322545,10000.0,6.412564476872862,-2.532304183322545
round1,7,coordinate_2_plus,task_007,housing_increment_0to1,0.7202462623815278,0.46620607563128225,-0.25404018675024553,137.5652749002964,8.877969874715184,-2.979592232959937
round1,7,coordinate_2_plus,task_007,prime30_55_parent_3plus_minus_1to2_mean_rooms,0.36769955881,0.3771536776887787,0.009454118878778728,2958.514988007638,0.26443314585919164,0.5142306348898241
round1,7,coordinate_2_plus,task_007,own_family_gap,0.16766167,0.16940406140840258,0.0017423914084025716,14229.590955975675,0.04320001105153554,0.20784612349412615
round1,7,coordinate_2_plus,task_007,own_rate,0.575472,0.5465508554884497,-0.028921144511550256,1207.8460856134493,1.0102818416179338,-1.0051277737770128
round1,7,coordinate_2_plus,task_007,aggregate_mean_occupied_rooms_18_85,5.779970481941968,6.328677241850001,0.5487067599080335,11.973159013172177,3.604868040043409,1.8986490039086765
round1,7,coordinate_2_plus,task_007,aggregate_wealth_to_annual_gross_labor_earnings,6.8731,7.030132719844799,0.15703271984479894,6.287669427540395,0.15504937016324247,0.3937630888786333
round1,7,coordinate_2_plus,task_007,annual_bequest_flow_to_aggregate_wealth,0.0088,0.008485683779349273,-0.0003143162206507271,5165289.256198346,0.510303133079321,-0.7143550469334706
round1,7,coordinate_2_plus,task_007,old_total_wealth_to_annual_income_p90_p50_7684,3.44811075444552,3.303587279235018,-0.14452347521050202,56.95977216091135,1.1897207482760037,-1.0907432091358642
round1,8,coordinate_3_minus,task_008,tfr,1.918,1.9216822200261205,0.0036822200261206195,1425.7389910084596,0.01933123044722737,0.13903679529976
round1,8,coordinate_3_minus,task_008,childless_rate,0.188,0.18985432260308413,0.0018543226030841298,17180.743822072007,0.05907619923553926,0.24305595906198074
round1,8,coordinate_3_minus,task_008,mean_age_first_birth,26.0446272574833,26.25151300159625,0.20688574411295235,44.44444444444444,1.9022982718742223,1.379238294086349
round1,8,coordinate_3_minus,task_008,share_first_births_age30plus,0.260327401666964,0.23715584917958,-0.023171552487384006,10000.0,5.369208446755919,-2.3171552487384006
round1,8,coordinate_3_minus,task_008,housing_increment_0to1,0.7202462623815278,0.48474511085417404,-0.23550115152735374,137.5652749002964,7.629479148664931,-2.7621511813557436
round1,8,coordinate_3_minus,task_008,prime30_55_parent_3plus_minus_1to2_mean_rooms,0.36769955881,0.388165971004403,0.020466412194402983,2958.514988007638,1.239245090254139,1.1132138564777834
round1,8,coordinate_3_minus,task_008,own_family_gap,0.16766167,0.17177121035173287,0.00410954035173286,14229.590955975675,0.24031391260571358,0.4902182295730276
round1,8,coordinate_3_minus,task_008,own_rate,0.575472,0.49275157828534316,-0.08272042171465682,1207.8460856134493,8.26488996265646,-2.874872164576446
round1,8,coordinate_3_minus,task_008,aggregate_mean_occupied_rooms_18_85,5.779970481941968,6.323581860608723,0.5436113786667551,11.973159013172177,3.538228102766397,1.8810178369080919
round1,8,coordinate_3_minus,task_008,aggregate_wealth_to_annual_gross_labor_earnings,6.8731,7.005381223449849,0.13228122344984872,6.287669427540395,0.11002366475925274,0.33169815308387346
round1,8,coordinate_3_minus,task_008,annual_bequest_flow_to_aggregate_wealth,0.0088,0.008495575594122118,-0.0003044244058778827,5165289.256198346,0.4786891471802781,-0.6918736497224606
round1,8,coordinate_3_minus,task_008,old_total_wealth_to_annual_income_p90_p50_7684,3.44811075444552,3.3066267233259423,-0.14148403111957775,56.95977216091135,1.140205400461126,-1.0678040084496434
round1,9,coordinate_3_plus,task_009,tfr,1.918,1.921725551515302,0.0037255515153020724,1425.7389910084596,0.0197888780814613,0.14067294722675466
round1,9,coordinate_3_plus,task_009,childless_rate,0.188,0.1898605885757154,0.0018605885757153884,17180.743822072007,0.05947612454575702,0.24387727353272798
round1,9,coordinate_3_plus,task_009,mean_age_first_birth,26.0446272574833,26.251948248901147,0.20732099141784843,44.44444444444444,1.910310821443537,1.3821399427856562
round1,9,coordinate_3_plus,task_009,share_first_births_age30plus,0.260327401666964,0.23717448399066235,-0.02315291767630165,10000.0,5.360575969256013,-2.315291767630165
round1,9,coordinate_3_plus,task_009,housing_increment_0to1,0.7202462623815278,0.4471541373001058,-0.273092125081422,137.5652749002964,10.259523114399354,-3.2030490340298186
round1,9,coordinate_3_plus,task_009,prime30_55_parent_3plus_minus_1to2_mean_rooms,0.36769955881,0.3732536944605256,0.0055541356505255934,2958.514988007638,0.09126552128250073,0.3021018392570637
round1,9,coordinate_3_plus,task_009,own_family_gap,0.16766167,0.16411681943931283,-0.0035448505606871794,14229.590955975675,0.17880854899781123,-0.4228575989595212
round1,9,coordinate_3_plus,task_009,own_rate,0.575472,0.5900343774526485,0.014562377452648545,1207.8460856134493,0.25613926766319695,0.5061020328581944
round1,9,coordinate_3_plus,task_009,aggregate_mean_occupied_rooms_18_85,5.779970481941968,6.331289414926003,0.5513189329840351,11.973159013172177,3.6392724035831496,1.9076877112313613
round1,9,coordinate_3_plus,task_009,aggregate_wealth_to_annual_gross_labor_earnings,6.8731,7.05384702813371,0.1807470281337098,6.287669427540395,0.20541494203754748,0.45322725209054615
round1,9,coordinate_3_plus,task_009,annual_bequest_flow_to_aggregate_wealth,0.0088,0.008474344875508091,-0.0003256551244919092,5165289.256198346,0.5477854344413267,-0.7401252829361571
round1,9,coordinate_3_plus,task_009,old_total_wealth_to_annual_income_p90_p50_7684,3.44811075444552,3.301406806247398,-0.14670394819812227,56.95977216091135,1.2258909742637147,-1.1071996090424323
round1,10,coordinate_4_minus,task_010,tfr,1.918,1.9217055432859507,0.003705543285950741,1425.7389910084596,0.019576894861036084,0.13991745731336058
round1,10,coordinate_4_minus,task_010,childless_rate,0.188,0.18991048455073592,0.0019104845507359192,17180.743822072007,0.06270887684983692,0.2504174052453961
round1,10,coordinate_4_minus,task_010,mean_age_first_birth,26.0446272574833,26.25209089366175,0.20746363617845276,44.44444444444444,1.9129404593949073,1.3830909078563518
round1,10,coordinate_4_minus,task_010,share_first_births_age30plus,0.260327401666964,0.2371810441188677,-0.023146357548096297,10000.0,5.357538677443143,-2.3146357548096295
round1,10,coordinate_4_minus,task_010,housing_increment_0to1,0.7202462623815278,0.4683731952206047,-0.25187306716092306,137.5652749002964,8.7271468120583,-2.95417447217633
round1,10,coordinate_4_minus,task_010,prime30_55_parent_3plus_minus_1to2_mean_rooms,0.36769955881,0.3804549714353822,0.012755412625382212,2958.514988007638,0.48135201941176853,0.6937953728670785
round1,10,coordinate_4_minus,task_010,own_family_gap,0.16766167,0.16972425651517753,0.002062586515177517,14229.590955975675,0.06053642419587376,0.24604150909119737
round1,10,coordinate_4_minus,task_010,own_rate,0.575472,0.544302790885695,-0.031169209114304985,1207.8460856134493,1.1734461421052524,-1.0832571911163353
round1,10,coordinate_4_minus,task_010,aggregate_mean_occupied_rooms_18_85,5.779970481941968,6.303427926169898,0.5234574442279305,11.973159013172177,3.280737714054796,1.8112806833991235
round1,10,coordinate_4_minus,task_010,aggregate_wealth_to_annual_gross_labor_earnings,6.8731,7.029676648595413,0.1565766485954132,6.287669427540395,0.15415005601918289,0.39261947992831797
round1,10,coordinate_4_minus,task_010,annual_bequest_flow_to_aggregate_wealth,0.0088,0.008482185800502777,-0.0003178141994972239,5165289.256198346,0.5217245113742831,-0.722304998857327
round1,10,coordinate_4_minus,task_010,old_total_wealth_to_annual_income_p90_p50_7684,3.44811075444552,3.253519777776789,-0.19459097666873104,56.95977216091135,2.156818694247953,-1.4686111446696681
round1,11,coordinate_4_plus,task_011,tfr,1.918,1.921698301067241,0.0036983010672411165,1425.7389910084596,0.019500446365506584,0.13964399867343597
round1,11,coordinate_4_plus,task_011,childless_rate,0.188,0.18980539407140584,0.0018053940714058414,17180.743822072007,0.055999736846878534,0.2366426353108808
round1,11,coordinate_4_plus,task_011,mean_age_first_birth,26.0446272574833,26.25130047958361,0.20667322210031003,44.44444444444444,1.898392032592181,1.3778214806687334
round1,11,coordinate_4_plus,task_011,share_first_births_age30plus,0.260327401666964,0.2371443199856681,-0.023183081681295903,10000.0,5.374552762416377,-2.3183081681295903
round1,11,coordinate_4_plus,task_011,housing_increment_0to1,0.7202462623815278,0.4622090102916374,-0.25803725208989037,137.5652749002964,9.159539439862137,-3.026473102451455
round1,11,coordinate_4_plus,task_011,prime30_55_parent_3plus_minus_1to2_mean_rooms,0.36769955881,0.3780283510165825,0.010328792206582504,2958.514988007638,0.3156260604595721,0.561806070151945
round1,11,coordinate_4_plus,task_011,own_family_gap,0.16766167,0.16971127897186422,0.0020496089718642085,14229.590955975675,0.059777045069494134,0.2444934458620397
round1,11,coordinate_4_plus,task_011,own_rate,0.575472,0.5489326702188527,-0.02653932978114726,1207.8460856134493,0.8507295110335984,-0.9223499937841374
round1,11,coordinate_4_plus,task_011,aggregate_mean_occupied_rooms_18_85,5.779970481941968,6.353644233820995,0.5736737518790269,11.973159013172177,3.940385472137634,1.9850404207818122
round1,11,coordinate_4_plus,task_011,aggregate_wealth_to_annual_gross_labor_earnings,6.8731,7.032035095368399,0.158935095368399,6.287669427540395,0.15882882184518757,0.39853333843630645
round1,11,coordinate_4_plus,task_011,annual_bequest_flow_to_aggregate_wealth,0.0088,0.008486844351026895,-0.00031315564897310515,5165289.256198346,0.5065416347301995,-0.7117173840297844
round1,11,coordinate_4_plus,task_011,old_total_wealth_to_annual_income_p90_p50_7684,3.44811075444552,3.2200454548640614,-0.2280652995814587,56.95977216091135,2.9626931077639305,-1.721247544011009
round1,12,coordinate_5_minus,task_012,tfr,1.918,1.9216981523615788,0.003698152361578888,1425.7389910084596,0.01949887820302442,0.13963838370242052
round1,12,coordinate_5_minus,task_012,childless_rate,0.188,0.18985852256996102,0.0018585225699610242,17180.743822072007,0.05934411277806508,0.24360647113339393
round1,12,coordinate_5_minus,task_012,mean_age_first_birth,26.0446272574833,26.251738994895817,0.20711173741251798,44.44444444444444,1.9064565232903024,1.3807449160834533
round1,12,coordinate_5_minus,task_012,share_first_births_age30plus,0.260327401666964,0.2371647883919979,-0.023162613274966104,10000.0,5.36506653725636,-2.3162613274966106
round1,12,coordinate_5_minus,task_012,housing_increment_0to1,0.7202462623815278,0.46585085632229983,-0.25439540605922795,137.5652749002964,8.902815008004692,-2.9837585371481876
round1,12,coordinate_5_minus,task_012,prime30_55_parent_3plus_minus_1to2_mean_rooms,0.36769955881,0.3790503308715314,0.0113507720615314,2958.514988007638,0.3811751491385221,0.6173938363302003
round1,12,coordinate_5_minus,task_012,own_family_gap,0.16766167,0.16955099534472234,0.0018893253447223313,14229.590955975675,0.05079324007112787,0.22537355672555703
round1,12,coordinate_5_minus,task_012,own_rate,0.575472,0.546401090135969,-0.029070909864030936,1207.8460856134493,1.0207722270019146,-1.0103327308376753
round1,12,coordinate_5_minus,task_012,aggregate_mean_occupied_rooms_18_85,5.779970481941968,6.329255702670197,0.5492852207282297,11.973159013172177,3.6124727362159117,1.9006506086642836
round1,12,coordinate_5_minus,task_012,aggregate_wealth_to_annual_gross_labor_earnings,6.8731,7.022151880823507,0.14905188082350662,6.287669427540395,0.13968977630625593,0.37375095492353716
round1,12,coordinate_5_minus,task_012,annual_bequest_flow_to_aggregate_wealth,0.0088,0.00845076749628074,-0.0003492325037192604,5165289.256198346,0.6299759382955744,-0.7937102357255917
round1,12,coordinate_5_minus,task_012,old_total_wealth_to_annual_income_p90_p50_7684,3.44811075444552,3.2741988681076446,-0.17391188633787547,56.95977216091135,1.7227679151070479,-1.3125425383990599
round1,13,coordinate_5_plus,task_013,tfr,1.918,1.921698203025744,0.0036982030257439735,1425.7389910084596,0.01949941247043943,0.13964029672855693
round1,13,coordinate_5_plus,task_013,childless_rate,0.188,0.18985909063054035,0.0018590906305403498,17180.743822072007,0.05938039557984455,0.24368092986494563
round1,13,coordinate_5_plus,task_013,mean_age_first_birth,26.0446272574833,26.251657105922895,0.20702984843959626,44.44444444444444,1.904949250885431,1.3801989895973084
round1,13,coordinate_5_plus,task_013,share_first_births_age30plus,0.260327401666964,0.2371602190541451,-0.023167182612818887,10000.0,5.367183502156977,-2.3167182612818884
round1,13,coordinate_5_plus,task_013,housing_increment_0to1,0.7202462623815278,0.46627030043153095,-0.25397596194999683,137.5652749002964,8.87348150007054,-2.9788389516841187
round1,13,coordinate_5_plus,task_013,prime30_55_parent_3plus_minus_1to2_mean_rooms,0.36769955881,0.3792673547238561,0.011567795913856094,2958.514988007638,0.3958904355720251,0.6291982482270791
round1,13,coordinate_5_plus,task_013,own_family_gap,0.16766167,0.16962559224539553,0.0019639222453955163,14229.590955975675,0.05488339835925071,0.23427206056047467
round1,13,coordinate_5_plus,task_013,own_rate,0.575472,0.5468162661270898,-0.028655733872910205,1207.8460856134493,0.9918241222590966,-0.9959036711746255
round1,13,coordinate_5_plus,task_013,aggregate_mean_occupied_rooms_18_85,5.779970481941968,6.327924024029768,0.5479535420878001,11.973159013172177,3.5949779223584497,1.896042700563057
round1,13,coordinate_5_plus,task_013,aggregate_wealth_to_annual_gross_labor_earnings,6.8731,7.040137348021656,0.1670373480216556,6.287669427540395,0.1754352553278422,0.4188499198135798
round1,13,coordinate_5_plus,task_013,annual_bequest_flow_to_aggregate_wealth,0.0088,0.008519478810809809,-0.0002805211891901919,5165289.256198346,0.40646765281342667,-0.637548157250436
round1,13,coordinate_5_plus,task_013,old_total_wealth_to_annual_income_p90_p50_7684,3.44811075444552,3.3037105286766377,-0.14440022576888234,56.95977216091135,1.1876924287421395,-1.08981302467081
round1,14,coordinate_6_minus,task_014,tfr,1.918,1.921700220885198,0.003700220885198169,1425.7389910084596,0.019520697298800793,0.13971648900112252
round1,14,coordinate_6_minus,task_014,childless_rate,0.188,0.18985843479095105,0.0018584347909510468,17180.743822072007,0.05933850720239335,0.24359496547012902
round1,14,coordinate_6_minus,task_014,mean_age_first_birth,26.0446272574833,26.251687783676086,0.20706052619278736,44.44444444444444,1.9055138447659548,1.3804035079519157
round1,14,coordinate_6_minus,task_014,share_first_births_age30plus,0.260327401666964,0.23716172712940722,-0.023165674537556774,10000.0,5.3664847678000624,-2.3165674537556775
round1,14,coordinate_6_minus,task_014,housing_increment_0to1,0.7202462623815278,0.4660740323452668,-0.254172230036261,137.5652749002964,8.887201335212216,-2.981140945210779
round1,14,coordinate_6_minus,task_014,prime30_55_parent_3plus_minus_1to2_mean_rooms,0.36769955881,0.3792148421099011,0.011515283299901091,2958.514988007638,0.3923042632636822,0.6263419699043664
round1,14,coordinate_6_minus,task_014,own_family_gap,0.16766167,0.16958058832007228,0.001918918320072266,14229.590955975675,0.052396875995576825,0.22890363910514142
round1,14,coordinate_6_minus,task_014,own_rate,0.575472,0.5466487063982777,-0.02882329360172231,1207.8460856134493,1.0034570935527227,-1.0017270554161561
round1,14,coordinate_6_minus,task_014,aggregate_mean_occupied_rooms_18_85,5.779970481941968,6.3285336282128295,0.5485631462708618,11.973159013172177,3.6029812746583225,1.8981520683702668
round1,14,coordinate_6_minus,task_014,aggregate_wealth_to_annual_gross_labor_earnings,6.8731,7.031858329221609,0.15875832922160882,6.287669427540395,0.15847572241069205,0.3980900933340241
round1,14,coordinate_6_minus,task_014,annual_bequest_flow_to_aggregate_wealth,0.0088,0.00848704971532701,-0.0003129502846729911,5165289.256198346,0.505877482835259,-0.7112506469840706
round1,14,coordinate_6_minus,task_014,old_total_wealth_to_annual_income_p90_p50_7684,3.44811075444552,3.3036067260614077,-0.14450402838411236,56.95977216091135,1.1894005963253171,-1.0905964406348103
round1,15,coordinate_6_plus,task_015,tfr,1.918,1.9216986563204594,0.0036986563204595146,1425.7389910084596,0.01950419291233055,0.13965741266517345
round1,15,coordinate_6_plus,task_015,childless_rate,0.188,0.18985853340516412,0.00185853340516412,17180.743822072007,0.059344804733491664,0.24360789136128505
round1,15,coordinate_6_plus,task_015,mean_age_first_birth,26.0446272574833,26.251709486901426,0.20708222941812693,44.44444444444444,1.9059133218125224,1.3805481961208461
round1,15,coordinate_6_plus,task_015,share_first_births_age30plus,0.260327401666964,0.23716312085163246,-0.023164280815331534,10000.0,5.365839056915365,-2.3164280815331533
round1,15,coordinate_6_plus,task_015,housing_increment_0to1,0.7202462623815278,0.466041383686016,-0.2542048786955118,137.5652749002964,8.889484620395638,-2.981523875536743
round1,15,coordinate_6_plus,task_015,prime30_55_parent_3plus_minus_1to2_mean_rooms,0.36769955881,0.37917519601889804,0.011475637208898049,2958.514988007638,0.3896075764771641,0.6241855304932694
round1,15,coordinate_6_plus,task_015,own_family_gap,0.16766167,0.16957569699255093,0.0019140269925509157,14229.590955975675,0.05213009690796982,0.2283201631656079
round1,15,coordinate_6_plus,task_015,own_rate,0.575472,0.5466027099283794,-0.028869290071620535,1207.8460856134493,1.0066623005844566,-1.0033256204166505
round1,15,coordinate_6_plus,task_015,aggregate_mean_occupied_rooms_18_85,5.779970481941968,6.328660457561599,0.5486899756196308,11.973159013172177,3.604647506148556,1.8985909264895784
round1,15,coordinate_6_plus,task_015,aggregate_wealth_to_annual_gross_labor_earnings,6.8731,7.030605032733917,0.15750503273391736,6.287669427540395,0.1559834678088452,0.3949474241071148
round1,15,coordinate_6_plus,task_015,annual_bequest_flow_to_aggregate_wealth,0.0088,0.008482264553500209,-0.00031773544649979155,5165289.256198346,0.5214659812108567,-0.7221260147722534
round1,15,coordinate_6_plus,task_015,old_total_wealth_to_annual_income_p90_p50_7684,3.44811075444552,3.303581631185692,-0.14452912325982803,56.95977216091135,1.1898137398507405,-1.0907858359232303
round1,16,coordinate_7_minus,task_016,tfr,1.918,1.921702408440093,0.0037024084400931745,1425.7389910084596,0.019543785228441905,0.13979908879689418
round1,16,coordinate_7_minus,task_016,childless_rate,0.188,0.1898464249178363,0.0018464249178362924,17180.743822072007,0.05857405180982793,0.24202076731104694
round1,16,coordinate_7_minus,task_016,mean_age_first_birth,26.0446272574833,26.251586607933042,0.20695935044974334,44.44444444444444,1.9036521217146523,1.379729002998289
round1,16,coordinate_7_minus,task_016,share_first_births_age30plus,0.260327401666964,0.23715706482216098,-0.02317033684480302,10000.0,5.3686450950163636,-2.317033684480302
round1,16,coordinate_7_minus,task_016,housing_increment_0to1,0.7202462623815278,0.4650912853815834,-0.2551549769999444,137.5652749002964,8.956058225753024,-2.9926674098123605
round1,16,coordinate_7_minus,task_016,prime30_55_parent_3plus_minus_1to2_mean_rooms,0.36769955881,0.37794369605879563,0.010244137248795637,2958.514988007638,0.31047350935235496,0.5572014979810759
round1,16,coordinate_7_minus,task_016,own_family_gap,0.16766167,0.16939546476865802,0.001733794768658009,14229.590955975675,0.04277478078206456,0.20682064882903872
round1,16,coordinate_7_minus,task_016,own_rate,0.575472,0.5466636124985231,-0.02880838750147685,1207.8460856134493,1.0024194769270391,-1.0012090076138145
round1,16,coordinate_7_minus,task_016,aggregate_mean_occupied_rooms_18_85,5.779970481941968,6.328187171969669,0.5482166900277017,11.973159013172177,3.5984316392036,1.8969532517180279
round1,16,coordinate_7_minus,task_016,aggregate_wealth_to_annual_gross_labor_earnings,6.8731,7.03127847151786,0.1581784715178598,6.287669427540395,0.15732018555494962,0.396636087055817
round1,16,coordinate_7_minus,task_016,annual_bequest_flow_to_aggregate_wealth,0.0088,0.008484672549649989,-0.0003153274503500114,5165289.256198346,0.5135919470260273,-0.7166532962500258
round1,16,coordinate_7_minus,task_016,old_total_wealth_to_annual_income_p90_p50_7684,3.44811075444552,3.3036585993374694,-0.14445215510805065,56.95977216091135,1.1885468203836422,-1.090204944211703
round1,17,coordinate_7_plus,task_017,tfr,1.918,1.9216985228542733,0.0036985228542734117,1425.7389910084596,0.019502785318302837,0.13965237312091347
round1,17,coordinate_7_plus,task_017,childless_rate,0.188,0.1898703088422738,0.0018703088422737935,17180.743822072007,0.060099189673717086,0.24515136074212823
round1,17,coordinate_7_plus,task_017,mean_age_first_birth,26.0446272574833,26.25180325599228,0.20717599850897983,44.44444444444444,1.9076397492530137,1.3811733233931989
round1,17,coordinate_7_plus,task_017,share_first_births_age30plus,0.260327401666964,0.23716724510775772,-0.02316015655920628,10000.0,5.363928518469456,-2.3160156559206277
round1,17,coordinate_7_plus,task_017,housing_increment_0to1,0.7202462623815278,0.4670145889012369,-0.25323167348029085,137.5652749002964,8.821549398936927,-2.9701093244082664
round1,17,coordinate_7_plus,task_017,prime30_55_parent_3plus_minus_1to2_mean_rooms,0.36769955881,0.3804269774932889,0.012727418683288916,2958.514988007638,0.47924151865128245,0.6922727198519977
round1,17,coordinate_7_plus,task_017,own_family_gap,0.16766167,0.16976808626829587,0.0021064162682958576,14229.590955975675,0.06313654559466972,0.25126986606966967
round1,17,coordinate_7_plus,task_017,own_rate,0.575472,0.5465982446911297,-0.028873755308870264,1207.8460856134493,1.0069737272674777,-1.0034808056298226
round1,17,coordinate_7_plus,task_017,aggregate_mean_occupied_rooms_18_85,5.779970481941968,6.3291419601713965,0.5491714782294288,11.973159013172177,3.6109767952441083,1.9002570339941143
round1,17,coordinate_7_plus,task_017,aggregate_wealth_to_annual_gross_labor_earnings,6.8731,7.030779371778165,0.1576793717781646,6.287669427540395,0.15632896862828113,0.39538458319499653
round1,17,coordinate_7_plus,task_017,annual_bequest_flow_to_aggregate_wealth,0.0088,0.008484532474951229,-0.00031546752504877165,5165289.256198346,0.5140483438037053,-0.7169716478381173
round1,17,coordinate_7_plus,task_017,old_total_wealth_to_annual_income_p90_p50_7684,3.44811075444552,3.3036928072270317,-0.14441794721848833,56.95977216091135,1.1879839646167079,-1.0899467714602893
round1,18,coordinate_8_minus,task_018,tfr,1.918,1.9216143951574236,0.0036143951574236777,1425.7389910084596,0.01862564367388647,0.1364757988578432
round1,18,coordinate_8_minus,task_018,childless_rate,0.188,0.18923582932413222,0.001235829324132215,17180.743822072007,0.026239705374055056,0.16198674443933694
round1,18,coordinate_8_minus,task_018,mean_age_first_birth,26.0446272574833,26.256345470249958,0.2117182127666588,44.44444444444444,1.9922045163159203,1.4114547517777254
round1,18,coordinate_8_minus,task_018,share_first_births_age30plus,0.260327401666964,0.23747688233355563,-0.02285051933340837,10000.0,5.221462338064697,-2.285051933340837
round1,18,coordinate_8_minus,task_018,housing_increment_0to1,0.7202462623815278,0.4660740890402728,-0.25417217334125497,137.5652749002964,8.887197370499965,-2.981140280245122
round1,18,coordinate_8_minus,task_018,prime30_55_parent_3plus_minus_1to2_mean_rooms,0.36769955881,0.37991555159271506,0.012215992782715068,2958.514988007638,0.4415006107634141,0.6644551232125568
round1,18,coordinate_8_minus,task_018,own_family_gap,0.16766167,0.16963687449833653,0.001975204498336519,14229.590955975675,0.05551579303206337,0.23561789624742718
round1,18,coordinate_8_minus,task_018,own_rate,0.575472,0.546619350102141,-0.028852649897858962,1207.8460856134493,1.0055021606616794,-1.0027473064843802
round1,18,coordinate_8_minus,task_018,aggregate_mean_occupied_rooms_18_85,5.779970481941968,6.32866574383588,0.5486952618939123,11.973159013172177,3.604716963394156,1.898609218189503
round1,18,coordinate_8_minus,task_018,aggregate_wealth_to_annual_gross_labor_earnings,6.8731,7.031229915060552,0.1581299150605524,6.287669427540395,0.15722361440551294,0.396514330643311
round1,18,coordinate_8_minus,task_018,annual_bequest_flow_to_aggregate_wealth,0.0088,0.008484553267750264,-0.000315446732249737,5165289.256198346,0.5139805830942007,-0.716924391476675
round1,18,coordinate_8_minus,task_018,old_total_wealth_to_annual_income_p90_p50_7684,3.44811075444552,3.3035872070266903,-0.14452354741882978,56.95977216091135,1.1897219371177066,-1.0907437541043756
round1,19,coordinate_8_plus,task_019,tfr,1.918,1.9217922484274192,0.0037922484274193202,1425.7389910084596,0.020503763631914924,0.14319135320233176
round1,19,coordinate_8_plus,task_019,childless_rate,0.188,0.1904815138788227,0.0024815138788227,17180.743822072007,0.10579749361718326,0.3252652665397633
round1,19,coordinate_8_plus,task_019,mean_age_first_birth,26.0446272574833,26.247000676750787,0.20237341926748798,44.44444444444444,1.8202222589339765,1.3491561284499198
round1,19,coordinate_8_plus,task_019,share_first_births_age30plus,0.260327401666964,0.23684484422588234,-0.02348255744108166,10000.0,5.514305039736996,-2.3482557441081657
round1,19,coordinate_8_plus,task_019,housing_increment_0to1,0.7202462623815278,0.4660372099394543,-0.2542090524420735,137.5652749002964,8.88977653265672,-2.981572828668909
round1,19,coordinate_8_plus,task_019,prime30_55_parent_3plus_minus_1to2_mean_rooms,0.36769955881,0.3784825340546982,0.010782975244698234,2958.514988007638,0.3439940970394665,0.5865100996909316
round1,19,coordinate_8_plus,task_019,own_family_gap,0.16766167,0.16954144337226312,0.0018797733722631105,14229.590955975675,0.05028094168245207,0.22423412247571078
round1,19,coordinate_8_plus,task_019,own_rate,0.575472,0.5466228329323118,-0.028849167067688142,1207.8460856134493,1.0052594251133022,-1.0026262639255479
round1,19,coordinate_8_plus,task_019,aggregate_mean_occupied_rooms_18_85,5.779970481941968,6.328514407421017,0.5485439254790494,11.973159013172177,3.6027287934619046,1.8980855601004674
round1,19,coordinate_8_plus,task_019,aggregate_wealth_to_annual_gross_labor_earnings,6.8731,7.031163717829603,0.15806371782960316,6.287669427540395,0.15709200629795864,0.39634833959278626
round1,19,coordinate_8_plus,task_019,annual_bequest_flow_to_aggregate_wealth,0.0088,0.008484675215820041,-0.0003153247841799593,5165289.256198346,0.5135832619738527,-0.7166472367726346
round1,19,coordinate_8_plus,task_019,old_total_wealth_to_annual_income_p90_p50_7684,3.44811075444552,3.303601308565012,-0.14450944588050785,56.95977216091135,1.189489779918344,-1.0906373274000591
round1,20,coordinate_9_minus,task_020,tfr,1.918,1.921703096684915,0.003703096684914975,1425.7389910084596,0.01955105193572271,0.13982507620495943
round1,20,coordinate_9_minus,task_020,childless_rate,0.188,0.18983665232098546,0.0018366523209854546,17180.743822072007,0.05795566136261162,0.24073982089096024
round1,20,coordinate_9_minus,task_020,mean_age_first_birth,26.0446272574833,26.251548302590752,0.20692104510745324,44.44444444444444,1.902947507038253,1.3794736340496883
round1,20,coordinate_9_minus,task_020,share_first_births_age30plus,0.260327401666964,0.2371557047555582,-0.023171696911405804,10000.0,5.369275377540533,-2.3171696911405806
round1,20,coordinate_9_minus,task_020,housing_increment_0to1,0.7202462623815278,0.4649788938859478,-0.25526736849557996,137.5652749002964,8.963949950873978,-2.9939856297039866
round1,20,coordinate_9_minus,task_020,prime30_55_parent_3plus_minus_1to2_mean_rooms,0.36769955881,0.3792443311179232,0.011544772307923223,2958.514988007638,0.3943161071963898,0.6279459428934865
round1,20,coordinate_9_minus,task_020,own_family_gap,0.16766167,0.1693765067699181,0.0017148367699180989,14229.590955975675,0.041844462186894346,0.20455918993507563
round1,20,coordinate_9_minus,task_020,own_rate,0.575472,0.546665538024908,-0.028806461975091957,1207.8460856134493,1.0022854797954366,-1.0011420877155432
round1,20,coordinate_9_minus,task_020,aggregate_mean_occupied_rooms_18_85,5.779970481941968,6.3282052786419065,0.5482347966999388,11.973159013172177,3.5986693433794636,1.8970159048831046
round1,20,coordinate_9_minus,task_020,aggregate_wealth_to_annual_gross_labor_earnings,6.8731,7.0313287425068385,0.1582287425068385,6.287669427540395,0.1574201978760718,0.3967621426951818
round1,20,coordinate_9_minus,task_020,annual_bequest_flow_to_aggregate_wealth,0.0088,0.008484694877096704,-0.000315305122903297,5165289.256198346,0.5135192176087975,-0.7166025520529477
round1,20,coordinate_9_minus,task_020,old_total_wealth_to_annual_income_p90_p50_7684,3.44811075444552,3.303659613036839,-0.14445114140868087,56.95977216091135,1.1885301390827037,-1.0901972936504216
round1,21,coordinate_9_plus,task_021,tfr,1.918,1.9216987334305913,0.00369873343059135,1425.7389910084596,0.019505006173382137,0.1396603242634863
round1,21,coordinate_9_plus,task_021,childless_rate,0.188,0.1898794239185458,0.0018794239185457862,17180.743822072007,0.06068641203685257,0.24634612243112855
round1,21,coordinate_9_plus,task_021,mean_age_first_birth,26.0446272574833,26.25184095606083,0.20721369857752947,44.44444444444444,1.9083340834746327,1.3814246571835298
round1,21,coordinate_9_plus,task_021,share_first_births_age30plus,0.260327401666964,0.23716869210705427,-0.02315870955990973,10000.0,5.3632582848025425,-2.315870955990973
round1,21,coordinate_9_plus,task_021,housing_increment_0to1,0.7202462623815278,0.4671613410531785,-0.25308492132834925,137.5652749002964,8.81132787945812,-2.9683880944812655
round1,21,coordinate_9_plus,task_021,prime30_55_parent_3plus_minus_1to2_mean_rooms,0.36769955881,0.3791526199522819,0.011453061142281895,2958.514988007638,0.3880761313071687,0.6229575678223748
round1,21,coordinate_9_plus,task_021,own_family_gap,0.16766167,0.16977909173477823,0.0021174217347782187,14229.590955975675,0.06379801250685005,0.25258268449529564
round1,21,coordinate_9_plus,task_021,own_rate,0.575472,0.5465891036437682,-0.028882896356231758,1207.8460856134493,1.0076114172036905,-1.003798494322287
round1,21,coordinate_9_plus,task_021,aggregate_mean_occupied_rooms_18_85,5.779970481941968,6.329001688809703,0.5490312068677357,11.973159013172177,3.6091323733684835,1.8997716634818205
round1,21,coordinate_9_plus,task_021,aggregate_wealth_to_annual_gross_labor_earnings,6.8731,7.031135246877414,0.15803524687741444,6.287669427540395,0.15703541954603362,0.39627694803764907
round1,21,coordinate_9_plus,task_021,annual_bequest_flow_to_aggregate_wealth,0.0088,0.008484562275212942,-0.0003154377247870585,5165289.256198346,0.5139512304691944,-0.7169039199705874
round1,21,coordinate_9_plus,task_021,old_total_wealth_to_annual_income_p90_p50_7684,3.44811075444552,3.303528599123343,-0.1445821553221771,56.95977216091135,1.1906870566098195,-1.0911860779032234
round1,22,coordinate_10_minus,task_022,tfr,1.918,1.9197908559203918,0.001790855920391854,1425.7389910084596,0.004572580087877785,0.06762085542107393
round1,22,coordinate_10_minus,task_022,childless_rate,0.188,0.1902103800919365,0.002210380091936498,17180.743822072007,0.08394133714236084,0.2897263142042173
round1,22,coordinate_10_minus,task_022,mean_age_first_birth,26.0446272574833,26.247562235592724,0.2029349781094254,44.44444444444444,1.830338015123243,1.352899854062836
round1,22,coordinate_10_minus,task_022,share_first_births_age30plus,0.260327401666964,0.23683169809668303,-0.023495703570280968,10000.0,5.5204808626251385,-2.349570357028097
round1,22,coordinate_10_minus,task_022,housing_increment_0to1,0.7202462623815278,0.46560504538455927,-0.2546412169969685,137.5652749002964,8.920028106470044,-2.986641609981024
round1,22,coordinate_10_minus,task_022,prime30_55_parent_3plus_minus_1to2_mean_rooms,0.36769955881,0.37940459572826857,0.011705036918268574,2958.514988007638,0.4053398938451732,0.6366630928875752
round1,22,coordinate_10_minus,task_022,own_family_gap,0.16766167,0.1697512881062352,0.002089618106235175,14229.590955975675,0.06213356340726184,0.24926604944769723
round1,22,coordinate_10_minus,task_022,own_rate,0.575472,0.5466209381184769,-0.028851061881523088,1207.8460856134493,1.0053914803657065,-1.002692116437397
round1,22,coordinate_10_minus,task_022,aggregate_mean_occupied_rooms_18_85,5.779970481941968,6.328446276316608,0.5484757943746406,11.973159013172177,3.6018339056076685,1.897849811130393
round1,22,coordinate_10_minus,task_022,aggregate_wealth_to_annual_gross_labor_earnings,6.8731,7.030876700813934,0.15777670081393413,6.287669427540395,0.1565220191651288,0.39562863794868136
round1,22,coordinate_10_minus,task_022,annual_bequest_flow_to_aggregate_wealth,0.0088,0.008484514203333056,-0.000315485796666945,5165289.256198346,0.5141078920381039,-0.7170131742430567
round1,22,coordinate_10_minus,task_022,old_total_wealth_to_annual_income_p90_p50_7684,3.44811075444552,3.3037570213009384,-0.14435373314458166,56.95977216091135,1.1869277478263918,-1.0894621369402389
round1,23,coordinate_10_plus,task_023,tfr,1.918,1.9236022007660016,0.005602200766001708,1425.7389910084596,0.044746324103873844,0.21153326949648807
round1,23,coordinate_10_plus,task_023,childless_rate,0.188,0.18950809672247984,0.0015080967224798403,17180.743822072007,0.03907512306039659,0.19767428527857786
round1,23,coordinate_10_plus,task_023,mean_age_first_birth,26.0446272574833,26.255832340081977,0.21120508259867776,44.44444444444444,1.9825594184673019,1.408033883991185
round1,23,coordinate_10_plus,task_023,share_first_births_age30plus,0.260327401666964,0.23749297632434108,-0.02283442534262292,10000.0,5.2141098072781995,-2.283442534262292
round1,23,coordinate_10_plus,task_023,housing_increment_0to1,0.7202462623815278,0.46651165836646324,-0.25373460401506454,137.5652749002964,8.856624254896083,-2.976008107330369
round1,23,coordinate_10_plus,task_023,prime30_55_parent_3plus_minus_1to2_mean_rooms,0.36769955881,0.37896743896944063,0.011267880159440635,2958.514988007638,0.37562822020035347,0.6128851606951774
round1,23,coordinate_10_plus,task_023,own_family_gap,0.16766167,0.16941195540073684,0.001750285400736823,14229.590955975675,0.04359233743682897,0.2087877808609234
round1,23,coordinate_10_plus,task_023,own_rate,0.575472,0.5466289660694559,-0.028843033930544104,1207.8460856134493,1.00483204788299,-1.0024131123858018
round1,23,coordinate_10_plus,task_023,aggregate_mean_occupied_rooms_18_85,5.779970481941968,6.328838636549515,0.5488681546075469,11.973159013172177,3.606988998638818,1.8992074659285694
round1,23,coordinate_10_plus,task_023,aggregate_wealth_to_annual_gross_labor_earnings,6.8731,7.031119212301302,0.15801921230130223,6.287669427540395,0.15700355489942763,0.3962367409761841
round1,23,coordinate_10_plus,task_023,annual_bequest_flow_to_aggregate_wealth,0.0088,0.008484592213436871,-0.00031540778656312905,5165289.256198346,0.5138536767802291,-0.7168358785525659
round1,23,coordinate_10_plus,task_023,old_total_wealth_to_annual_income_p90_p50_7684,3.44811075444552,3.3035962332866644,-0.14451452115885566,56.95977216091135,1.1895733329027176,-1.0906756313875898
round2,1,jump_bound_preserve_3_H0_1.0,task_001,tfr,1.918,1.9225185414418733,0.004518541441873358,1425.7389910084596,0.029109622025350765,0.1706154214171473
round2,1,jump_bound_preserve_3_H0_1.0,task_001,childless_rate,0.188,0.1891821783824928,0.0011821783824927934,17180.743822072007,0.024010875132970854,0.15495442921378805
round2,1,jump_bound_preserve_3_H0_1.0,task_001,mean_age_first_birth,26.0446272574833,26.310609519708805,0.26598226222550636,44.44444444444444,3.144291725271023,1.7732150815033756
round2,1,jump_bound_preserve_3_H0_1.0,task_001,share_first_births_age30plus,0.260327401666964,0.24079542667255255,-0.01953197499441145,10000.0,3.8149804718231413,-1.953197499441145
round2,1,jump_bound_preserve_3_H0_1.0,task_001,housing_increment_0to1,0.7202462623815278,0.47598836855421744,-0.24425789382731034,137.5652749002964,8.207408246625556,-2.864857456598069
round2,1,jump_bound_preserve_3_H0_1.0,task_001,prime30_55_parent_3plus_minus_1to2_mean_rooms,0.36769955881,0.3717577782868391,0.004058219476839098,2958.514988007638,0.048724213275393335,0.2207356185018479
round2,1,jump_bound_preserve_3_H0_1.0,task_001,own_family_gap,0.16766167,0.1690321563241587,0.0013704863241586762,14229.590955975675,0.02672648396187712,0.1634823659049413
round2,1,jump_bound_preserve_3_H0_1.0,task_001,own_rate,0.575472,0.5463750580466655,-0.029096941953334454,1207.8460856134493,1.0226011846414522,-1.0112374521552552
round2,1,jump_bound_preserve_3_H0_1.0,task_001,aggregate_mean_occupied_rooms_18_85,5.779970481941968,6.332446592283554,0.5524761103415861,11.973159013172177,3.6545655595276587,1.911691805581553
round2,1,jump_bound_preserve_3_H0_1.0,task_001,aggregate_wealth_to_annual_gross_labor_earnings,6.8731,7.0319367442296254,0.15883674422962546,6.287669427540395,0.15863231191485352,0.3982867207362725
round2,1,jump_bound_preserve_3_H0_1.0,task_001,annual_bequest_flow_to_aggregate_wealth,0.0088,0.008482827727213121,-0.00031717227278687914,5165289.256198346,0.5196190631445994,-0.7208460745156343
round2,1,jump_bound_preserve_3_H0_1.0,task_001,old_total_wealth_to_annual_income_p90_p50_7684,3.44811075444552,3.3030086462250274,-0.14510210822049263,56.95977216091135,1.1992664612335522,-1.095110250720699
round2,2,jump_bound_preserve_3_H0_0.97,task_001,tfr,1.918,1.9225383512933507,0.004538351293350784,1425.7389910084596,0.029365421984342558,0.17136342078851763
round2,2,jump_bound_preserve_3_H0_0.97,task_001,childless_rate,0.188,0.1892866626855573,0.0012866626855572993,17180.743822072007,0.02844273628293152,0.16864974439035335
round2,2,jump_bound_preserve_3_H0_0.97,task_001,mean_age_first_birth,26.0446272574833,26.311393750570467,0.26676649308716804,44.44444444444444,3.1628605259567144,1.7784432872477869
round2,2,jump_bound_preserve_3_H0_0.97,task_001,share_first_births_age30plus,0.260327401666964,0.24083839411178576,-0.01948900755517824,10000.0,3.798214154857945,-1.948900755517824
round2,2,jump_bound_preserve_3_H0_0.97,task_001,housing_increment_0to1,0.7202462623815278,0.480393529066391,-0.2398527333151368,137.5652749002964,7.91403860234704,-2.8131901113054982
round2,2,jump_bound_preserve_3_H0_0.97,task_001,prime30_55_parent_3plus_minus_1to2_mean_rooms,0.36769955881,0.3738375225288113,0.006137963718811312,2958.514988007638,0.11146086466504583,0.3338575514572732
round2,2,jump_bound_preserve_3_H0_0.97,task_001,own_family_gap,0.16766167,0.16924585561202815,0.0015841856120281383,14229.590955975675,0.03571120832436644,0.18897409432079953
round2,2,jump_bound_preserve_3_H0_0.97,task_001,own_rate,0.575472,0.5417384369168601,-0.033733563083139906,1207.8460856134493,1.3744724127865384,-1.1723789544283616
round2,2,jump_bound_preserve_3_H0_0.97,task_001,aggregate_mean_occupied_rooms_18_85,5.779970481941968,6.281625246648079,0.5016547647061111,11.973159013172177,3.013135299706258,1.7358385004677879
round2,2,jump_bound_preserve_3_H0_0.97,task_001,aggregate_wealth_to_annual_gross_labor_earnings,6.8731,7.029481422733147,0.1563814227331468,6.287669427540395,0.1537658950776802,0.39212994667288575
round2,2,jump_bound_preserve_3_H0_0.97,task_001,annual_bequest_flow_to_aggregate_wealth,0.0088,0.008475852527705746,-0.0003241474722942544,5165289.256198346,0.5427251229067891,-0.7366988006687598
round2,2,jump_bound_preserve_3_H0_0.97,task_001,old_total_wealth_to_annual_income_p90_p50_7684,3.44811075444552,3.203966629249263,-0.24414412519625728,56.95977216091135,3.3951643356551506,-1.8425971712925076
round2,3,jump_bound_preserve_3_H0_0.85,task_001,tfr,1.918,1.9225455567151877,0.0045455567151877485,1425.7389910084596,0.02945874143331842,0.17163549001683312
round2,3,jump_bound_preserve_3_H0_0.85,task_001,childless_rate,0.188,0.18979484141767064,0.0017948414176706395,17180.743822072007,0.055347005366451145,0.2352594426722361
round2,3,jump_bound_preserve_3_H0_0.85,task_001,mean_age_first_birth,26.0446272574833,26.314952331755062,0.27032507427176355,44.44444444444444,3.247806479112643,1.802167161811757
round2,3,jump_bound_preserve_3_H0_0.85,task_001,share_first_births_age30plus,0.260327401666964,0.24099044411723583,-0.019336957549728168,10000.0,3.7391792727998916,-1.9336957549728166
round2,3,jump_bound_preserve_3_H0_0.85,task_001,housing_increment_0to1,0.7202462623815278,0.4953196010277363,-0.22492666135379147,137.5652749002964,6.95970279876826,-2.6381248641351798
round2,3,jump_bound_preserve_3_H0_0.85,task_001,prime30_55_parent_3plus_minus_1to2_mean_rooms,0.36769955881,0.3845564045633081,0.016856845753308092,2958.514988007638,0.8406716453203666,0.9168814783385946
round2,3,jump_bound_preserve_3_H0_0.85,task_001,own_family_gap,0.16766167,0.16397934546574838,-0.0036823245342516298,14229.590955975675,0.19294633743393313,-0.43925657358078674
round2,3,jump_bound_preserve_3_H0_0.85,task_001,own_rate,0.575472,0.5167789190074329,-0.05869308099256709,1207.8460856134493,4.1608821134846306,-2.039824039833983
round2,3,jump_bound_preserve_3_H0_0.85,task_001,aggregate_mean_occupied_rooms_18_85,5.779970481941968,6.056825595185971,0.2768551132440029,11.973159013172177,0.9177277165629776,0.9579810627371387
round2,3,jump_bound_preserve_3_H0_0.85,task_001,aggregate_wealth_to_annual_gross_labor_earnings,6.8731,7.018138717937988,0.14503871793798773,6.287669427540395,0.13226885836229327,0.36368785842023
round2,3,jump_bound_preserve_3_H0_0.85,task_001,annual_bequest_flow_to_aggregate_wealth,0.0088,0.00845423098119713,-0.00034576901880286996,5165289.256198346,0.6175424295655961,-0.7858386790974317
round2,3,jump_bound_preserve_3_H0_0.85,task_001,old_total_wealth_to_annual_income_p90_p50_7684,3.44811075444552,3.276438098464795,-0.1716726559807249,56.95977216091135,1.678689971461805,-1.2956426866469803
round2,4,jump_bound_preserve_2_H0_1.0,task_001,tfr,1.918,1.9225151960183156,0.004515196018315626,1425.7389910084596,0.029066533800490377,0.1704891017059166
round2,4,jump_bound_preserve_2_H0_1.0,task_001,childless_rate,0.188,0.18914738926749697,0.0011473892674969677,17180.743822072007,0.022618485856795986,0.1503944342613648
round2,4,jump_bound_preserve_2_H0_1.0,task_001,mean_age_first_birth,26.0446272574833,26.310272158655994,0.26564490117269557,44.44444444444444,3.1363206008467195,1.7709660078179703
round2,4,jump_bound_preserve_2_H0_1.0,task_001,share_first_births_age30plus,0.260327401666964,0.24077991351489167,-0.01954748815207233,10000.0,3.8210429305540803,-1.9547488152072328
round2,4,jump_bound_preserve_2_H0_1.0,task_001,housing_increment_0to1,0.7202462623815278,0.47275821271739815,-0.24748804966412963,137.5652749002964,8.425919134393668,-2.9027433807337615
round2,4,jump_bound_preserve_2_H0_1.0,task_001,prime30_55_parent_3plus_minus_1to2_mean_rooms,0.36769955881,0.36768703326641194,-1.2525543588048915e-05,2958.514988007638,4.641591744351912e-07,-0.0006812922826769662
round2,4,jump_bound_preserve_2_H0_1.0,task_001,own_family_gap,0.16766167,0.16844154385447568,0.0007798738544756711,14229.590955975675,0.0086544831652758,0.09302947471245766
round2,4,jump_bound_preserve_2_H0_1.0,task_001,own_rate,0.575472,0.5464968015148773,-0.028975198485122644,1207.8460856134493,1.0140618290309351,-1.007006369905839
round2,4,jump_bound_preserve_2_H0_1.0,task_001,aggregate_mean_occupied_rooms_18_85,5.779970481941968,6.33113590365315,0.5511654217111825,11.973159013172177,3.6372460209340565,1.9071565276437215
round2,4,jump_bound_preserve_2_H0_1.0,task_001,aggregate_wealth_to_annual_gross_labor_earnings,6.8731,7.032099709592795,0.15899970959279486,6.287669427540395,0.15895799013510634,0.3986953600621737
round2,4,jump_bound_preserve_2_H0_1.0,task_001,annual_bequest_flow_to_aggregate_wealth,0.0088,0.008483056711693823,-0.00031694328830617763,5165289.256198346,0.5188690495988264,-0.7203256552413126
round2,4,jump_bound_preserve_2_H0_1.0,task_001,old_total_wealth_to_annual_income_p90_p50_7684,3.44811075444552,3.3032165405299145,-0.14489421391560553,56.95977216091135,1.1958324372358136,-1.0935412370989095
round2,5,jump_bound_preserve_2_H0_0.97,task_001,tfr,1.918,1.9225407566513113,0.004540756651311373,1425.7389910084596,0.029396557991812948,0.17145424460133074
round2,5,jump_bound_preserve_2_H0_0.97,task_001,childless_rate,0.188,0.18924907248879902,0.001249072488799019,17180.743822072007,0.02680508867134635,0.16372259670352884
round2,5,jump_bound_preserve_2_H0_0.97,task_001,mean_age_first_birth,26.0446272574833,26.311039770274405,0.26641251279110634,44.44444444444444,3.154472309852062,1.7760834186073755
round2,5,jump_bound_preserve_2_H0_0.97,task_001,share_first_births_age30plus,0.260327401666964,0.24082155170145478,-0.01950584996550922,10000.0,3.8047818287695603,-1.9505849965509219
round2,5,jump_bound_preserve_2_H0_0.97,task_001,housing_increment_0to1,0.7202462623815278,0.47721175887276424,-0.24303450350876354,137.5652749002964,8.125398872906665,-2.850508528825456
round2,5,jump_bound_preserve_2_H0_0.97,task_001,prime30_55_parent_3plus_minus_1to2_mean_rooms,0.36769955881,0.37078687189223913,0.0030873130822391404,2958.514988007638,0.028199091725708367,0.16792585186834208
round2,5,jump_bound_preserve_2_H0_0.97,task_001,own_family_gap,0.16766167,0.16873875255029136,0.0010770825502913473,14229.590955975675,0.016507845515859904,0.12848286078640958
round2,5,jump_bound_preserve_2_H0_0.97,task_001,own_rate,0.575472,0.5419107322006208,-0.03356126779937918,1207.8460856134493,1.3604679423246107,-1.1663909903306913
round2,5,jump_bound_preserve_2_H0_0.97,task_001,aggregate_mean_occupied_rooms_18_85,5.779970481941968,6.280277128713542,0.5003066467715742,11.973159013172177,2.99696240971297,1.7311737087054464
round2,5,jump_bound_preserve_2_H0_0.97,task_001,aggregate_wealth_to_annual_gross_labor_earnings,6.8731,7.030115909130484,0.15701590913048413,6.287669427540395,0.15501617515581131,0.3937209356331097
round2,5,jump_bound_preserve_2_H0_0.97,task_001,annual_bequest_flow_to_aggregate_wealth,0.0088,0.008476053358669992,-0.0003239466413300085,5165289.256198346,0.5420528224638076,-0.7362423666591101
round2,5,jump_bound_preserve_2_H0_0.97,task_001,old_total_wealth_to_annual_income_p90_p50_7684,3.44811075444552,3.2040123471408086,-0.24409840730471144,56.95977216091135,3.393892912706119,-1.8422521306015958
round2,6,jump_bound_preserve_2_H0_0.85,task_001,tfr,1.918,1.9225447919016783,0.004544791901678336,1425.7389910084596,0.029448829095007376,0.1716066114548253
round2,6,jump_bound_preserve_2_H0_0.85,task_001,childless_rate,0.188,0.18975361381024214,0.0017536138102421384,17180.743822072007,0.05283356014712904,0.22985552015805286
round2,6,jump_bound_preserve_2_H0_0.85,task_001,mean_age_first_birth,26.0446272574833,26.31458496726407,0.2699577097807726,44.44444444444444,3.238985114225771,1.7997180652051508
round2,6,jump_bound_preserve_2_H0_0.85,task_001,share_first_births_age30plus,0.260327401666964,0.24097249195684675,-0.019354909710117246,10000.0,3.746125298867909,-1.9354909710117247
round2,6,jump_bound_preserve_2_H0_0.85,task_001,housing_increment_0to1,0.7202462623815278,0.4919749849677917,-0.2282712774137361,137.5652749002964,7.168220542552673,-2.67735327189982
round2,6,jump_bound_preserve_2_H0_0.85,task_001,prime30_55_parent_3plus_minus_1to2_mean_rooms,0.36769955881,0.38040219040398604,0.012702631593986047,2958.514988007638,0.47737665740466884,0.6909244947204208
round2,6,jump_bound_preserve_2_H0_0.85,task_001,own_family_gap,0.16766167,0.16334305336804483,-0.00431861663195518,14229.590955975675,0.2653882691494071,-0.5151584893500321
round2,6,jump_bound_preserve_2_H0_0.85,task_001,own_rate,0.575472,0.5169099365356379,-0.0585620634643621,1207.8460856134493,4.142326603122344,-2.035270646160442
round2,6,jump_bound_preserve_2_H0_0.85,task_001,aggregate_mean_occupied_rooms_18_85,5.779970481941968,6.05537159924799,0.27540111730602224,11.973159013172177,0.9081135295020478,0.9529499092303056
round2,6,jump_bound_preserve_2_H0_0.85,task_001,aggregate_wealth_to_annual_gross_labor_earnings,6.8731,7.018741965117203,0.1456419651172034,6.287669427540395,0.13337141567129104,0.3652005143360166
round2,6,jump_bound_preserve_2_H0_0.85,task_001,annual_bequest_flow_to_aggregate_wealth,0.0088,0.008454446809103512,-0.00034555319089648803,5165289.256198346,0.6167717341877308,-0.7853481611283818
round2,6,jump_bound_preserve_2_H0_0.85,task_001,old_total_wealth_to_annual_income_p90_p50_7684,3.44811075444552,3.2765049730700384,-0.17160578137548166,56.95977216091135,1.677382368187375,-1.2951379726451444
round2,7,jump_bound_preserve_None_H0_1.0,task_001,tfr,1.918,1.9225060806023968,0.004506080602396878,1425.7389910084596,0.028949291450137842,0.17014491308921886
round2,7,jump_bound_preserve_None_H0_1.0,task_001,childless_rate,0.188,0.18925822055702216,0.001258220557022155,17180.743822072007,0.027199161465376362,0.164921682823625
round2,7,jump_bound_preserve_None_H0_1.0,task_001,mean_age_first_birth,26.0446272574833,26.31129508141994,0.2666678239366398,44.44444444444444,3.1605212588045655,1.777785492910932
round2,7,jump_bound_preserve_None_H0_1.0,task_001,share_first_births_age30plus,0.260327401666964,0.24082755704478312,-0.01949984462218088,10000.0,3.8024394028919652,-1.9499844622180877
round2,7,jump_bound_preserve_None_H0_1.0,task_001,housing_increment_0to1,0.7202462623815278,0.4813086248330194,-0.23893763754850839,137.5652749002964,7.853765884661325,-2.802457115579349
round2,7,jump_bound_preserve_None_H0_1.0,task_001,prime30_55_parent_3plus_minus_1to2_mean_rooms,0.36769955881,0.379846277696684,0.012146718886684005,2958.514988007638,0.43650752515063374,0.6606871613332846
round2,7,jump_bound_preserve_None_H0_1.0,task_001,own_family_gap,0.16766167,0.1702527081833231,0.0025910381833230967,14229.590955975675,0.09553005817523318,0.30907937196654384
round2,7,jump_bound_preserve_None_H0_1.0,task_001,own_rate,0.575472,0.5461257123519235,-0.029346287648076452,1207.8460856134493,1.0402026034806553,-1.0199032324101416
round2,7,jump_bound_preserve_None_H0_1.0,task_001,aggregate_mean_occupied_rooms_18_85,5.779970481941968,6.33510541207907,0.5551349301371022,11.973159013172177,3.6898257724031773,1.9208919210624988
round2,7,jump_bound_preserve_None_H0_1.0,task_001,aggregate_wealth_to_annual_gross_labor_earnings,6.8731,7.031024118438196,0.15792411843819565,6.287669427540395,0.1568146464498891,0.39599829096839434
round2,7,jump_bound_preserve_None_H0_1.0,task_001,annual_bequest_flow_to_aggregate_wealth,0.0088,0.00848213359764662,-0.00031786640235337976,5165289.256198346,0.5218959181047557,-0.7224236417122267
round2,7,jump_bound_preserve_None_H0_1.0,task_001,old_total_wealth_to_annual_income_p90_p50_7684,3.44811075444552,3.3027580786530604,-0.1453526757924597,56.95977216091135,1.2034119108595454,-1.0970013267355447
round2,8,jump_bound_preserve_None_H0_0.97,task_001,tfr,1.918,1.9225243610984692,0.0045243610984693206,1425.7389910084596,0.029184653802992826,0.17083516559242956
round2,8,jump_bound_preserve_None_H0_0.97,task_001,childless_rate,0.188,0.18936501035486214,0.0013650103548621395,17180.743822072007,0.032012077088280376,0.17891919150353988
round2,8,jump_bound_preserve_None_H0_0.97,task_001,mean_age_first_birth,26.0446272574833,26.31208554189985,0.26745828441655206,44.44444444444444,3.179285951246456,1.7830552294436806
round2,8,jump_bound_preserve_None_H0_0.97,task_001,share_first_births_age30plus,0.260327401666964,0.24087050514186942,-0.01945689652509458,10000.0,3.7857082238823754,-1.945689652509458
round2,8,jump_bound_preserve_None_H0_0.97,task_001,housing_increment_0to1,0.7202462623815278,0.48682751500103727,-0.2334187473804905,137.5652749002964,7.495149306952401,-2.7377270329513133
round2,8,jump_bound_preserve_None_H0_0.97,task_001,prime30_55_parent_3plus_minus_1to2_mean_rooms,0.36769955881,0.38199095867801347,0.014291399868013477,2958.514988007638,0.6042592612018709,0.7773411485325288
round2,8,jump_bound_preserve_None_H0_0.97,task_001,own_family_gap,0.16766167,0.17045082862700223,0.002789158627002214,14229.590955975675,0.1106977630773715,0.33271273356661824
round2,8,jump_bound_preserve_None_H0_0.97,task_001,own_rate,0.575472,0.5414842392202153,-0.033987760779784715,1207.8460856134493,1.3952650054951896,-1.1812133615461644
round2,8,jump_bound_preserve_None_H0_0.97,task_001,aggregate_mean_occupied_rooms_18_85,5.779970481941968,6.2843434536590115,0.5043729717170438,11.973159013172177,3.0458770003239564,1.7452441090930393
round2,8,jump_bound_preserve_None_H0_0.97,task_001,aggregate_wealth_to_annual_gross_labor_earnings,6.8731,7.028622191941233,0.15552219194123307,6.287669427540395,0.15208081734047266,0.38997540607129655
round2,8,jump_bound_preserve_None_H0_0.97,task_001,annual_bequest_flow_to_aggregate_wealth,0.0088,0.008475153191337516,-0.00032484680866248436,5165289.256198346,0.5450694684824416,-0.7382882015056462
round2,8,jump_bound_preserve_None_H0_0.97,task_001,old_total_wealth_to_annual_income_p90_p50_7684,3.44811075444552,3.2037241627295683,-0.24438659171595178,56.95977216091135,3.4019113541069026,-1.844427107290202
round2,9,jump_bound_preserve_None_H0_0.85,task_001,tfr,1.918,1.9225306201400765,0.004530620140076547,1425.7389910084596,0.029265458279343636,0.1710715004883737
round2,9,jump_bound_preserve_None_H0_0.85,task_001,childless_rate,0.188,0.1898841944847629,0.0018841944847629022,17180.743822072007,0.06099488526197112,0.246971426003032
round2,9,jump_bound_preserve_None_H0_0.85,task_001,mean_age_first_birth,26.0446272574833,26.315640362831125,0.2710131053478264,44.44444444444444,3.2643601453454245,1.806754035652176
round2,9,jump_bound_preserve_None_H0_0.85,task_001,share_first_births_age30plus,0.260327401666964,0.24102194149368703,-0.019305460173276973,10000.0,3.7270079250198336,-1.9305460173276974
round2,9,jump_bound_preserve_None_H0_0.85,task_001,housing_increment_0to1,0.7202462623815278,0.5018634364158014,-0.21838282596572633,137.5652749002964,6.560633597156955,-2.5613733810510633
round2,9,jump_bound_preserve_None_H0_0.85,task_001,prime30_55_parent_3plus_minus_1to2_mean_rooms,0.36769955881,0.3933735906949165,0.025674031884916515,2958.514988007638,1.9501226487180416,1.396467918972019
round2,9,jump_bound_preserve_None_H0_0.85,task_001,own_family_gap,0.16766167,0.16524594303597528,-0.002415726964024728,14229.590955975675,0.08304014708865938,-0.28816687368373795
round2,9,jump_bound_preserve_None_H0_0.85,task_001,own_rate,0.575472,0.5164712363423128,-0.05900076365768714,1207.8460856134493,4.204621065676683,-2.0505172678318715
round2,9,jump_bound_preserve_None_H0_0.85,task_001,aggregate_mean_occupied_rooms_18_85,5.779970481941968,6.059462462891125,0.2794919809491576,11.973159013172177,0.9352925046943832,0.967105219039988
round2,9,jump_bound_preserve_None_H0_0.85,task_001,aggregate_wealth_to_annual_gross_labor_earnings,6.8731,7.017499382320489,0.144399382320489,6.287669427540395,0.13110533716582767,0.36208470993101555
round2,9,jump_bound_preserve_None_H0_0.85,task_001,annual_bequest_flow_to_aggregate_wealth,0.0088,0.008453735854266639,-0.0003462641457333618,5165289.256198346,0.6193122862626796,-0.7869639675758221
round2,9,jump_bound_preserve_None_H0_0.85,task_001,old_total_wealth_to_annual_income_p90_p50_7684,3.44811075444552,3.2759697928822895,-0.17214096156323055,56.95977216091135,1.6878610550609392,-1.2991770684017399
round2,10,jump_bound_preserve_3_successful_moves_0.5,task_001,tfr,1.918,1.92383104326683,0.005831043266830038,1425.7389910084596,0.048476644932733993,0.22017412412164603
round2,10,jump_bound_preserve_3_successful_moves_0.5,task_001,childless_rate,0.188,0.18826096102198653,0.0002609610219865277,17180.743822072007,0.0011700199076059307,0.034205553753826744
round2,10,jump_bound_preserve_3_successful_moves_0.5,task_001,mean_age_first_birth,26.0446272574833,26.343294626210582,0.2986673687272834,44.44444444444444,3.964542095221291,1.9911157915152224
round2,10,jump_bound_preserve_3_successful_moves_0.5,task_001,share_first_births_age30plus,0.260327401666964,0.2428765942430669,-0.017450807423897097,10000.0,3.04530679745942,-1.7450807423897097
round2,10,jump_bound_preserve_3_successful_moves_0.5,task_001,housing_increment_0to1,0.7202462623815278,0.4766454140347065,-0.24360084834682127,137.5652749002964,8.163312333079123,-2.8571510868484227
round2,10,jump_bound_preserve_3_successful_moves_0.5,task_001,prime30_55_parent_3plus_minus_1to2_mean_rooms,0.36769955881,0.3727079227139729,0.005008363903972912,2958.514988007638,0.07421052901540169,0.2724160953677328
round2,10,jump_bound_preserve_3_successful_moves_0.5,task_001,own_family_gap,0.16766167,0.16789498551648235,0.00023331551648234083,14229.590955975675,0.0007746038664193488,0.02783170613561714
round2,10,jump_bound_preserve_3_successful_moves_0.5,task_001,own_rate,0.575472,0.5465118102870357,-0.028960189712964324,1207.8460856134493,1.0130115597035296,-1.0064847538356105
round2,10,jump_bound_preserve_3_successful_moves_0.5,task_001,aggregate_mean_occupied_rooms_18_85,5.779970481941968,6.332529665279075,0.5525591833371069,11.973159013172177,3.655664678666885,1.9119792568610374
round2,10,jump_bound_preserve_3_successful_moves_0.5,task_001,aggregate_wealth_to_annual_gross_labor_earnings,6.8731,7.0374260392243695,0.1643260392243695,6.287669427540395,0.16978623412343996,0.4120512518163729
round2,10,jump_bound_preserve_3_successful_moves_0.5,task_001,annual_bequest_flow_to_aggregate_wealth,0.0088,0.008500494056883863,-0.0002995059431161375,5165289.256198346,0.46334612583619306,-0.6806953252639488
round2,10,jump_bound_preserve_3_successful_moves_0.5,task_001,old_total_wealth_to_annual_income_p90_p50_7684,3.44811075444552,3.3030591793842845,-0.14505157506123556,56.95977216091135,1.1984312952791882,-1.0947288683866834
round2,11,jump_bound_preserve_3_successful_moves_1.0,task_001,tfr,1.918,1.9251383658597305,0.0071383658597306,1425.7389910084596,0.07265033690824509,0.26953726441485804
round2,11,jump_bound_preserve_3_successful_moves_1.0,task_001,childless_rate,0.188,0.18735096238336635,-0.000649037616633652,17180.743822072007,0.007237385376618093,-0.08507282396052275
round2,11,jump_bound_preserve_3_successful_moves_1.0,task_001,mean_age_first_birth,26.0446272574833,26.375729319720847,0.331102062237548,44.44444444444444,4.8723811385758715,2.207347081583653
round2,11,jump_bound_preserve_3_successful_moves_1.0,task_001,share_first_births_age30plus,0.260327401666964,0.2449428412156812,-0.015384560451282808,10000.0,2.3668470027917508,-1.5384560451282807
round2,11,jump_bound_preserve_3_successful_moves_1.0,task_001,housing_increment_0to1,0.7202462623815278,0.4771935400886793,-0.24305272229284847,137.5652749002964,8.126617139730175,-2.8507222137083397
round2,11,jump_bound_preserve_3_successful_moves_1.0,task_001,prime30_55_parent_3plus_minus_1to2_mean_rooms,0.36769955881,0.3736606802443605,0.005961121434360506,2958.514988007638,0.1051307376606194,0.32423870475410455
round2,11,jump_bound_preserve_3_successful_moves_1.0,task_001,own_family_gap,0.16766167,0.16673760505014756,-0.0009240649498524489,14229.590955975675,0.012150591247827762,-0.11022972034722651
round2,11,jump_bound_preserve_3_successful_moves_1.0,task_001,own_rate,0.575472,0.5466249414817066,-0.02884705851829339,1207.8460856134493,1.0051124841852306,-1.0025529832309266
round2,11,jump_bound_preserve_3_successful_moves_1.0,task_001,aggregate_mean_occupied_rooms_18_85,5.779970481941968,6.332454842220185,0.5524843602782177,11.973159013172177,3.6546747050955024,1.9117203522208739
round2,11,jump_bound_preserve_3_successful_moves_1.0,task_001,aggregate_wealth_to_annual_gross_labor_earnings,6.8731,7.04309814388071,0.16999814388070966,6.287669427540395,0.1817096784516442,0.4262741822485197
round2,11,jump_bound_preserve_3_successful_moves_1.0,task_001,annual_bequest_flow_to_aggregate_wealth,0.0088,0.008518419279232536,-0.00028158072076746483,5165289.256198346,0.4095439168797778,-0.63995618356242
round2,11,jump_bound_preserve_3_successful_moves_1.0,task_001,old_total_wealth_to_annual_income_p90_p50_7684,3.44811075444552,3.3029503842332977,-0.1451603702122224,56.95977216091135,1.2002297233264199,-1.0955499638658293
round2,12,jump_bound_preserve_3_successful_moves_2.0,task_001,tfr,1.918,1.9277722371330495,0.009772237133049533,1425.7389910084596,0.1361532526254591,0.3689895020531873
round2,12,jump_bound_preserve_3_successful_moves_2.0,task_001,childless_rate,0.188,0.18556068289466998,-0.002439317105330019,17180.743822072007,0.10223002915593798,-0.31973431025765436
round2,12,jump_bound_preserve_3_successful_moves_2.0,task_001,mean_age_first_birth,26.0446272574833,26.4397121744623,0.39508491697900183,44.44444444444444,6.9374262944135445,2.6338994465266787
round2,12,jump_bound_preserve_3_successful_moves_2.0,task_001,share_first_births_age30plus,0.260327401666964,0.24902225485199483,-0.011305146814969164,10000.0,1.2780634450800743,-1.1305146814969165
round2,12,jump_bound_preserve_3_successful_moves_2.0,task_001,housing_increment_0to1,0.7202462623815278,0.4782786914231121,-0.2419675709584157,137.5652749002964,8.054213726680656,-2.8379946664292124
round2,12,jump_bound_preserve_3_successful_moves_2.0,task_001,prime30_55_parent_3plus_minus_1to2_mean_rooms,0.36769955881,0.3754289233268997,0.007729364516899706,2958.514988007638,0.1767507852878446,0.42041739413093343
round2,12,jump_bound_preserve_3_successful_moves_2.0,task_001,own_family_gap,0.16766167,0.1644496856727612,-0.0032119843272388204,14229.590955975675,0.14680446037811856,-0.3831507019152106
round2,12,jump_bound_preserve_3_successful_moves_2.0,task_001,own_rate,0.575472,0.5468802146318713,-0.028591785368128675,1207.8460856134493,0.9874023266676738,-0.9936811997153181
round2,12,jump_bound_preserve_3_successful_moves_2.0,task_001,aggregate_mean_occupied_rooms_18_85,5.779970481941968,6.332506017201763,0.5525355352597954,11.973159013172177,3.6553517797280977,1.9118974291860162
round2,12,jump_bound_preserve_3_successful_moves_2.0,task_001,aggregate_wealth_to_annual_gross_labor_earnings,6.8731,7.054312174357356,0.1812121743573556,6.287669427540395,0.2064735589373477,0.4543936167436199
round2,12,jump_bound_preserve_3_successful_moves_2.0,task_001,annual_bequest_flow_to_aggregate_wealth,0.0088,0.008554843798591494,-0.00024515620140850604,5165289.256198346,0.3104419581045865,-0.5571731850193318
round2,12,jump_bound_preserve_3_successful_moves_2.0,task_001,old_total_wealth_to_annual_income_p90_p50_7684,3.44811075444552,3.1868199802381456,-0.26129077420737445,56.95977216091135,3.8888070451200645,-1.972005843074524
repeats,1,final_exact_repeat_1,task_001,tfr,1.918,1.92383104326683,0.005831043266830038,1425.7389910084596,0.048476644932733993,0.22017412412164603
repeats,1,final_exact_repeat_1,task_001,childless_rate,0.188,0.18826096102198653,0.0002609610219865277,17180.743822072007,0.0011700199076059307,0.034205553753826744
repeats,1,final_exact_repeat_1,task_001,mean_age_first_birth,26.0446272574833,26.343294626210582,0.2986673687272834,44.44444444444444,3.964542095221291,1.9911157915152224
repeats,1,final_exact_repeat_1,task_001,share_first_births_age30plus,0.260327401666964,0.2428765942430669,-0.017450807423897097,10000.0,3.04530679745942,-1.7450807423897097
repeats,1,final_exact_repeat_1,task_001,housing_increment_0to1,0.7202462623815278,0.4766454140347065,-0.24360084834682127,137.5652749002964,8.163312333079123,-2.8571510868484227
repeats,1,final_exact_repeat_1,task_001,prime30_55_parent_3plus_minus_1to2_mean_rooms,0.36769955881,0.3727079227139729,0.005008363903972912,2958.514988007638,0.07421052901540169,0.2724160953677328
repeats,1,final_exact_repeat_1,task_001,own_family_gap,0.16766167,0.16789498551648235,0.00023331551648234083,14229.590955975675,0.0007746038664193488,0.02783170613561714
repeats,1,final_exact_repeat_1,task_001,own_rate,0.575472,0.5465118102870357,-0.028960189712964324,1207.8460856134493,1.0130115597035296,-1.0064847538356105
repeats,1,final_exact_repeat_1,task_001,aggregate_mean_occupied_rooms_18_85,5.779970481941968,6.332529665279075,0.5525591833371069,11.973159013172177,3.655664678666885,1.9119792568610374
repeats,1,final_exact_repeat_1,task_001,aggregate_wealth_to_annual_gross_labor_earnings,6.8731,7.0374260392243695,0.1643260392243695,6.287669427540395,0.16978623412343996,0.4120512518163729
repeats,1,final_exact_repeat_1,task_001,annual_bequest_flow_to_aggregate_wealth,0.0088,0.008500494056883863,-0.0002995059431161375,5165289.256198346,0.46334612583619306,-0.6806953252639488
repeats,1,final_exact_repeat_1,task_001,old_total_wealth_to_annual_income_p90_p50_7684,3.44811075444552,3.3030591793842845,-0.14505157506123556,56.95977216091135,1.1984312952791882,-1.0947288683866834
repeats,2,final_exact_repeat_2,task_001,tfr,1.918,1.92383104326683,0.005831043266830038,1425.7389910084596,0.048476644932733993,0.22017412412164603
repeats,2,final_exact_repeat_2,task_001,childless_rate,0.188,0.18826096102198653,0.0002609610219865277,17180.743822072007,0.0011700199076059307,0.034205553753826744
repeats,2,final_exact_repeat_2,task_001,mean_age_first_birth,26.0446272574833,26.343294626210582,0.2986673687272834,44.44444444444444,3.964542095221291,1.9911157915152224
repeats,2,final_exact_repeat_2,task_001,share_first_births_age30plus,0.260327401666964,0.2428765942430669,-0.017450807423897097,10000.0,3.04530679745942,-1.7450807423897097
repeats,2,final_exact_repeat_2,task_001,housing_increment_0to1,0.7202462623815278,0.4766454140347065,-0.24360084834682127,137.5652749002964,8.163312333079123,-2.8571510868484227
repeats,2,final_exact_repeat_2,task_001,prime30_55_parent_3plus_minus_1to2_mean_rooms,0.36769955881,0.3727079227139729,0.005008363903972912,2958.514988007638,0.07421052901540169,0.2724160953677328
repeats,2,final_exact_repeat_2,task_001,own_family_gap,0.16766167,0.16789498551648235,0.00023331551648234083,14229.590955975675,0.0007746038664193488,0.02783170613561714
repeats,2,final_exact_repeat_2,task_001,own_rate,0.575472,0.5465118102870357,-0.028960189712964324,1207.8460856134493,1.0130115597035296,-1.0064847538356105
repeats,2,final_exact_repeat_2,task_001,aggregate_mean_occupied_rooms_18_85,5.779970481941968,6.332529665279075,0.5525591833371069,11.973159013172177,3.655664678666885,1.9119792568610374
repeats,2,final_exact_repeat_2,task_001,aggregate_wealth_to_annual_gross_labor_earnings,6.8731,7.0374260392243695,0.1643260392243695,6.287669427540395,0.16978623412343996,0.4120512518163729
repeats,2,final_exact_repeat_2,task_001,annual_bequest_flow_to_aggregate_wealth,0.0088,0.008500494056883863,-0.0002995059431161375,5165289.256198346,0.46334612583619306,-0.6806953252639488
repeats,2,final_exact_repeat_2,task_001,old_total_wealth_to_annual_income_p90_p50_7684,3.44811075444552,3.3030591793842845,-0.14505157506123556,56.95977216091135,1.1984312952791882,-1.0947288683866834
