first_child_year,never_treated,K,post1997,observations,weight_sum
1970,0,0,0,21,360.0999983549118
1970,0,1,0,21,360.0999983549118
1970,0,2,0,20,358.3999983072281
1970,0,3,0,21,360.0999983549118
1970,0,4,0,19,422.4999965429306
1970,0,5,0,21,431.5999964475632
1970,0,7,0,21,431.5999964475632
1970,0,8,0,20,396.6999949216843
1970,0,9,0,21,483.499996304512
1970,0,10,0,17,407.1999979019165
1970,0,11,0,19,444.3999954462051
1970,0,15,0,20,509.5000019073486
1970,0,16,0,19,470.5000019073486
1970,0,17,0,18,435.6000003814697
1970,0,18,0,19,470.5000019073486
1970,0,19,0,19,552.0000042915344
1970,0,20,0,19,552.0609962940216
1970,0,21,0,18,508.3319962024689
1970,0,22,0,19,554.8639976978302
1970,0,23,0,19,579.4539988040924
1970,0,24,0,18,565.309996843338
1970,0,25,0,20,613.753998041153
1970,0,26,0,19,556.7149965763092
1970,0,27,1,16,682.7109985351563
1970,0,29,1,15,677.7929983139038
1970,0,31,1,15,677.7929983139038
1970,0,33,1,15,695.1540012359619
1970,0,35,1,15,695.1540012359619
1970,0,37,1,14,657.7560029029846
1970,0,39,1,14,668.3270058631897
1970,0,41,1,13,662.3839926719666
1970,0,43,1,12,656.8379926681519
1970,0,45,1,10,619.7439951896667
1970,0,47,1,10,619.7439951896667
1970,0,49,1,10,595.4669995307922
1971,0,-1,0,16,373.9000028371811
1971,0,0,0,20,459.000003695488
1971,0,1,0,20,459.000003695488
1971,0,2,0,20,459.000003695488
1971,0,3,0,19,520.4999994039536
1971,0,4,0,18,491.200000166893
1971,0,6,0,16,464.0000009536743
1971,0,7,0,17,515.5999994277954
1971,0,8,0,18,560.5000002384186
1971,0,9,0,17,556.5000002384186
1971,0,10,0,18,560.5000002384186
1971,0,14,0,18,595.899998664856
1971,0,15,0,18,595.899998664856
1971,0,16,0,15,476.0999975204468
1971,0,17,0,16,510.2999982833862
1971,0,18,0,16,569.2999906539917
1971,0,19,0,15,531.4009971618652
1971,0,20,0,15,537.6809959411621
1971,0,21,0,14,499.5839958190918
1971,0,22,0,14,524.8069996833801
1971,0,23,0,13,518.1080002784729
1971,0,24,0,13,494.4269989728928
1971,0,25,0,12,454.2659996747971
1971,0,26,1,10,517.7110109329224
1971,0,28,1,10,517.6520128250122
1971,0,30,1,10,501.6610078811646
1971,0,32,1,10,517.9730072021484
1971,0,34,1,9,472.1670074462891
1971,0,36,1,7,376.1460037231445
1971,0,38,1,9,488.9530029296875
1971,0,40,1,8,476.8270044326782
1971,0,42,1,8,486.7890024185181
1971,0,44,1,7,470.709997177124
1971,0,46,1,7,470.709997177124
1971,0,48,1,7,503.4730043411255
1972,0,-2,0,16,397.1000027656555
1972,0,-1,0,17,422.0000023841858
1972,0,0,0,20,481.8000025749207
1972,0,1,0,20,483.1000037193298
1972,0,2,0,21,601.8000009059906
1972,0,3,0,20,571.1000001430511
1972,0,5,0,20,571.1000001430511
1972,0,6,0,20,571.1000001430511
1972,0,7,0,19,619.2999973297119
1972,0,8,0,20,627.4999971389771
1972,0,9,0,20,627.4999971389771
1972,0,13,0,19,641.1999988555908
1972,0,14,0,18,608.1999988555908
1972,0,15,0,18,608.1999988555908
1972,0,16,0,17,561.4999980926514
1972,0,17,0,16,588.4000005722046
1972,0,18,0,15,553.006000995636
1972,0,19,0,15,553.006000995636
1972,0,20,0,11,347.8120007514954
1972,0,21,0,12,402.7749991416931
1972,0,22,0,15,523.8400015830994
1972,0,23,0,15,525.2570013999939
1972,0,24,0,12,400.3709998130798
1972,0,25,1,9,431.6740036010742
1972,0,27,1,8,368.2750015258789
1972,0,29,1,10,506.4610023498535
1972,0,31,1,9,487.0219993591309
1972,0,33,1,9,487.0219993591309
1972,0,35,1,9,506.1269989013672
1972,0,37,1,7,379.4389991760254
1972,0,39,1,7,411.378002166748
1972,0,41,1,7,438.8920021057129
1972,0,43,1,7,506.4360008239746
1972,0,45,1,7,506.4360008239746
1972,0,47,1,6,465.1509971618652
1973,0,-3,0,13,275.4000010490417
1973,0,-2,0,16,359.6000018119812
1973,0,-1,0,18,371.9000020027161
1973,0,0,0,27,544.4000039100647
1973,0,1,0,26,645.2000060081482
1973,0,2,0,26,611.4000045061111
1973,0,4,0,26,611.4000045061111
1973,0,5,0,27,646.3000060319901
1973,0,6,0,26,673.799991607666
1973,0,7,0,25,636.4999923706055
1973,0,8,0,22,606.0999910831451
1973,0,12,0,25,713.2000023126602
1973,0,13,0,25,713.2000023126602
1973,0,14,0,24,711.6000022888184
1973,0,15,0,24,711.6000022888184
1973,0,16,0,23,765.8999946117401
1973,0,17,0,23,765.9530065059662
1973,0,18,0,21,731.584007024765
1973,0,19,0,20,701.3880078792572
1973,0,20,0,19,728.3390107154846
1973,0,21,0,19,677.7600092887878
1973,0,22,0,19,677.7600092887878
1973,0,23,0,16,555.4670100212097
1973,0,24,1,12,585.372998714447
1973,0,26,1,11,524.3309988975525
1973,0,28,1,14,694.0099997520447
1973,0,30,1,13,650.7320036888123
1973,0,32,1,11,599.2160034179688
1973,0,34,1,11,626.5519981384277
1973,0,36,1,10,578.9249954223633
1973,0,38,1,8,519.242000579834
1973,0,40,1,9,553.234001159668
1973,0,42,1,6,441.3899955749512
1973,0,44,1,6,441.3899955749512
1973,0,46,1,6,474.2009963989258
1974,0,-4,0,5,138.1000003814697
1974,0,-3,0,7,199.9000015258789
1974,0,-2,0,9,230.8000011444092
1974,0,-1,0,12,308.6000003814697
1974,0,0,0,14,368.4000017642975
1974,0,1,0,15,395.5000021457672
1974,0,3,0,15,395.5000021457672
1974,0,4,0,15,395.5000021457672
1974,0,5,0,15,433.0999903082848
1974,0,6,0,14,431.7999903559685
1974,0,7,0,13,368.4999918341637
1974,0,11,0,13,397.1000003218651
1974,0,12,0,12,396.3000003099442
1974,0,13,0,12,396.3000003099442
1974,0,14,0,12,396.3000003099442
1974,0,15,0,12,441.8000037670135
1974,0,16,0,12,441.7549966573715
1974,0,17,0,11,405.4219964742661
1974,0,18,0,11,405.4219964742661
1974,0,19,0,11,428.392998456955
1974,0,20,0,14,491.3929973244667
1974,0,21,0,12,444.7249973416328
1974,0,22,0,11,386.4969967007637
1974,0,23,1,10,421.431992650032
1974,0,25,1,9,404.9909906387329
1974,0,27,1,10,457.210991859436
1974,0,29,1,9,436.2729930877686
1974,0,31,1,10,474.1219921112061
1974,0,33,1,9,456.5519952774048
1974,0,35,1,9,435.5009927749634
1974,0,37,1,8,436.2569990158081
1974,0,39,1,9,498.919997215271
1974,0,41,1,9,575.2860059738159
1974,0,43,1,9,575.2860059738159
1974,0,45,1,9,612.3650045394897
1975,0,-5,0,5,138.8000011444092
1975,0,-4,0,6,161.6000003814697
1975,0,-3,0,7,199.7999992370605
1975,0,-2,0,12,260.5999984741211
1975,0,-1,0,19,485.2000029087067
1975,0,0,0,56,1228.00000500679
1975,0,2,0,50,1170.200004458427
1975,0,3,0,50,1131.600004196167
1975,0,4,0,51,1275.199992239475
1975,0,5,0,48,1234.999992072582
1975,0,6,0,51,1279.499992251396
1975,0,10,0,52,1427.299993515015
1975,0,11,0,51,1398.499994277954
1975,0,12,0,50,1334.899995803833
1975,0,13,0,50,1304.799996197224
1975,0,14,0,48,1439.299994826317
1975,0,15,0,47,1437.112009346485
1975,0,16,0,45,1413.917009711266
1975,0,17,0,44,1397.03700864315
1975,0,18,0,45,1477.048997879028
1975,0,19,0,48,1555.620995998383
1975,0,20,0,45,1508.128996372223
1975,0,21,0,45,1505.109996318817
1975,0,22,1,26,1214.265998721123
1975,0,24,1,25,1162.097995638847
1975,0,26,1,24,1102.292999148369
1975,0,28,1,24,1156.740003943443
1975,0,30,1,22,1019.401003241539
1975,0,32,1,22,1111.413995027542
1975,0,34,1,23,1112.693992137909
1975,0,36,1,21,1130.804001808167
1975,0,38,1,22,1213.05300617218
1975,0,40,1,19,1125.691011667252
1975,0,42,1,19,1125.691011667252
1975,0,44,1,18,1134.004000902176
1976,0,-6,0,4,108.7999992370605
1976,0,-5,0,4,108.7999992370605
1976,0,-4,0,3,83.89999961853027
1976,0,-3,0,6,107.3000001907349
1976,0,-2,0,10,218.600001335144
1976,0,-1,0,37,648.8999997377396
1976,0,1,0,35,626.499998986721
1976,0,2,0,33,592.5999993681908
1976,0,3,0,34,652.6999961137772
1976,0,4,0,31,576.8999977111816
1976,0,5,0,35,691.5999954342842
1976,0,9,0,34,732.899998664856
1976,0,10,0,33,731.899998664856
1976,0,11,0,33,730.5999989509583
1976,0,12,0,34,737.7999987602234
1976,0,13,0,30,737.2000006437302
1976,0,14,0,29,724.3010029792786
1976,0,15,0,29,740.8370025157928
1976,0,16,0,30,716.1620012521744
1976,0,17,0,30,760.8520015478134
1976,0,18,0,34,836.7840036153793
1976,0,19,0,31,823.9720041751862
1976,0,20,0,28,693.6870009899139
1976,0,21,1,17,725.4269971847534
1976,0,23,1,17,725.4269971847534
1976,0,25,1,17,725.4269971847534
1976,0,27,1,14,618.5430054664612
1976,0,29,1,15,664.8540062904358
1976,0,31,1,13,640.3129997253418
1976,0,33,1,13,577.6960000991821
1976,0,35,1,16,743.4189977645874
1976,0,37,1,15,706.5799970626831
1976,0,39,1,12,632.0139932632446
1976,0,41,1,14,668.4359941482544
1976,0,43,1,12,653.5279941558838
1977,0,-7,0,4,81.70000004768372
1977,0,-6,0,4,81.70000004768372
1977,0,-5,0,5,99.40000081062317
1977,0,-4,0,5,96.10000157356262
1977,0,-3,0,6,161.8000011444092
1977,0,-2,0,30,756.5000004768372
1977,0,0,0,53,1097.000000596046
1977,0,1,0,51,1055.100000977516
1977,0,2,0,48,1163.49999588728
1977,0,3,0,54,1227.100000083447
1977,0,4,0,52,1208.099997699261
1977,0,8,0,50,1271.999988257885
1977,0,9,0,51,1301.89999216795
1977,0,10,0,51,1301.89999216795
1977,0,11,0,51,1301.89999216795
1977,0,12,0,50,1444.200000524521
1977,0,13,0,50,1444.090008735657
1977,0,14,0,50,1444.090008735657
1977,0,15,0,47,1406.257009506226
1977,0,16,0,47,1473.540000796318
1977,0,17,0,46,1444.694000124931
1977,0,18,0,44,1382.507001757622
1977,0,19,0,41,1292.395999312401
1977,0,20,1,33,1368.976996421814
1977,0,22,1,33,1368.976996421814
1977,0,24,1,31,1289.983996391296
1977,0,26,1,32,1384.318002939224
1977,0,28,1,28,1177.115000009537
1977,0,30,1,26,1184.075002193451
1977,0,32,1,29,1323.748002529144
1977,0,34,1,30,1471.238000631332
1977,0,36,1,26,1315.733997106552
1977,0,38,1,26,1510.90101146698
1977,0,40,1,29,1695.4310131073
1977,0,42,1,27,1710.518992900848
1978,0,-8,0,2,30.79999971389771
1978,0,-7,0,2,30.79999971389771
1978,0,-6,0,2,30.79999971389771
1978,0,-5,0,3,55.90000009536743
1978,0,-4,0,5,124.4999990463257
1978,0,-3,0,27,599.5999997854233
1978,0,-1,0,43,951.0999962091446
1978,0,0,0,54,1165.699994683266
1978,0,1,0,56,1373.19998550415
1978,0,2,0,51,1232.799986839294
1978,0,3,0,51,1211.299987792969
1978,0,7,0,51,1375.399996876717
1978,0,8,0,51,1357.499995350838
1978,0,9,0,51,1326.699997067451
1978,0,10,0,51,1326.699997067451
1978,0,11,0,49,1460.200011968613
1978,0,12,0,48,1427.319990754128
1978,0,13,0,46,1373.564988732338
1978,0,14,0,45,1386.508990168571
1978,0,15,0,46,1418.270997285843
1978,0,16,0,49,1519.117993593216
1978,0,17,0,48,1514.517993688583
1978,0,18,0,49,1519.117993593216
1978,0,19,1,33,1526.801001787186
1978,0,21,1,32,1464.944998979568
1978,0,23,1,30,1439.331001520157
1978,0,25,1,31,1541.592007398605
1978,0,27,1,30,1437.896008253098
1978,0,29,1,29,1533.189996957779
1978,0,31,1,27,1407.938998222351
1978,0,33,1,25,1330.62700176239
1978,0,35,1,28,1611.247012138367
1978,0,37,1,28,1826.955996513367
1978,0,39,1,24,1631.389995574951
1978,0,41,1,24,1766.50098991394
1979,0,-9,0,4,102.5999984741211
1979,0,-8,0,3,75.19999885559082
1979,0,-7,0,5,129.9999980926514
1979,0,-6,0,8,192.199998497963
1979,0,-5,0,11,322.7999976873398
1979,0,-4,0,28,800.3999971151352
1979,0,-2,0,45,1199.599992156029
1979,0,-1,0,50,1227.399993538857
1979,0,0,0,67,1638.999979913235
1979,0,1,0,65,1615.599982976913
1979,0,2,0,64,1606.999983072281
1979,0,6,0,66,1813.399992406368
1979,0,7,0,62,1740.599993824959
1979,0,8,0,59,1615.49999153614
1979,0,9,0,58,1605.799990773201
1979,0,10,0,57,1776.799999713898
1979,0,11,0,57,1775.383012652397
1979,0,12,0,56,1724.859010577202
1979,0,13,0,58,1812.946013569832
1979,0,14,0,54,1770.430008709431
1979,0,15,0,58,1905.717007756233
1979,0,16,0,58,1883.914009213448
1979,0,17,0,55,1842.605010092258
1979,0,18,1,46,1894.772991120815
1979,0,20,1,45,1928.231991887093
1979,0,22,1,42,1831.315993905067
1979,0,24,1,36,1536.049005508423
1979,0,26,1,37,1658.743000507355
1979,0,28,1,37,1683.128988862038
1979,0,30,1,37,1752.170986771584
1979,0,32,1,34,1585.323995113373
1979,0,34,1,32,1693.94699716568
1979,0,36,1,31,1748.252003669739
1979,0,38,1,30,1896.952999949455
1979,0,40,1,27,1887.999004840851
1980,0,-7,0,2,61.10000038146973
1980,0,-6,0,5,141.6999998092651
1980,0,-5,0,22,521.6000001430511
1980,0,-3,0,35,783.8000005483627
1980,0,-2,0,42,879.900001168251
1980,0,-1,0,59,1194.999994397163
1980,0,0,0,69,1440.099993109703
1980,0,1,0,71,1478.599992394447
1980,0,5,0,66,1499.099987864494
1980,0,6,0,63,1504.799989461899
1980,0,7,0,65,1517.999988913536
1980,0,8,0,63,1489.299988150597
1980,0,9,0,59,1633.000005245209
1980,0,10,0,62,1593.63000357151
1980,0,11,0,63,1653.065004944801
1980,0,12,0,64,1690.381006836891
1980,0,13,0,64,1817.43799495697
1980,0,14,0,63,1787.783995568752
1980,0,15,0,62,1723.339997470379
1980,0,16,0,59,1648.631998240948
1980,0,17,1,37,1459.094005584717
1980,0,19,1,35,1426.674004077911
1980,0,21,1,37,1527.053005695343
1980,0,23,1,34,1409.946995377541
1980,0,25,1,34,1328.981991887093
1980,0,27,1,34,1366.621995329857
1980,0,29,1,30,1271.559994220734
1980,0,31,1,28,1138.332997083664
1980,0,33,1,28,1204.402992010117
1980,0,35,1,30,1463.512003064156
1980,0,37,1,27,1321.644000172615
1980,0,39,1,22,1148.034008145332
1981,0,-10,0,1,33.70000076293945
1981,0,-9,0,1,33.70000076293945
1981,0,-8,0,5,149.6000022888184
1981,0,-7,0,7,238.1000022888184
1981,0,-6,0,15,402.6000020503998
1981,0,-4,0,23,627.0000016689301
1981,0,-3,0,28,709.9000008106232
1981,0,-2,0,36,903.5999915599823
1981,0,-1,0,48,1096.499992251396
1981,0,0,0,56,1261.699992060661
1981,0,4,0,51,1283.80000191927
1981,0,5,0,49,1255.200001239777
1981,0,6,0,53,1288.300001263618
1981,0,7,0,50,1254.000001907349
1981,0,8,0,50,1434.199999570847
1981,0,9,0,48,1405.394009828568
1981,0,10,0,45,1364.0450091362
1981,0,11,0,48,1428.28601026535
1981,0,12,0,51,1550.794984936714
1981,0,13,0,53,1579.715987801552
1981,0,14,0,50,1538.740986227989
1981,0,15,0,50,1531.333988547325
1981,0,16,1,39,1569.513003587723
1981,0,18,1,39,1561.829003810883
1981,0,20,1,38,1512.840005397797
1981,0,22,1,38,1616.536999583244
1981,0,24,1,38,1615.798999667168
1981,0,26,1,35,1629.67300093174
1981,0,28,1,36,1537.55200111866
1981,0,30,1,35,1626.664006948471
1981,0,32,1,34,1465.716001749039
1981,0,34,1,34,1754.717993021011
1981,0,36,1,32,1690.346993684769
1981,0,38,1,32,1687.705991506577
1982,0,-12,0,2,54.79999923706055
1982,0,-11,0,3,85.19999885559082
1982,0,-10,0,3,85.19999885559082
1982,0,-9,0,5,114.3999996185303
1982,0,-8,0,5,164.3999996185303
1982,0,-7,0,10,280.3000018596649
1982,0,-5,0,22,567.1999995708466
1982,0,-4,0,26,664.2000000476837
1982,0,-3,0,29,729.999995470047
1982,0,-2,0,41,926.399997651577
1982,0,-1,0,53,1149.199995577335
1982,0,3,0,53,1337.299993336201
1982,0,4,0,53,1282.799992978573
1982,0,5,0,52,1260.799992024899
1982,0,6,0,51,1224.799993932247
1982,0,7,0,51,1414.799999117851
1982,0,8,0,52,1426.344007194042
1982,0,9,0,50,1375.766006112099
1982,0,10,0,51,1422.182007014751
1982,0,11,0,48,1369.836987376213
1982,0,12,0,50,1388.694987893105
1982,0,13,0,50,1388.694987893105
1982,0,14,0,50,1387.161988854408
1982,0,15,1,38,1401.582000494003
1982,0,17,1,37,1251.514001369476
1982,0,19,1,40,1416.244000911713
1982,0,21,1,38,1426.231001615524
1982,0,23,1,36,1309.062002897263
1982,0,25,1,35,1372.660001277924
1982,0,27,1,33,1223.394999623299
1982,0,29,1,29,1179.890005111694
1982,0,31,1,29,1114.833002924919
1982,0,33,1,27,1185.863993525505
1982,0,35,1,23,1045.397000670433
1982,0,37,1,28,1241.992998242378
1983,0,-12,0,1,22.10000038146973
1983,0,-11,0,2,26.10000038146973
1983,0,-10,0,1,4
1983,0,-9,0,3,51.79999923706055
1983,0,-8,0,14,268.5999957323074
1983,0,-6,0,16,350.9999942779541
1983,0,-5,0,24,518.6999946832657
1983,0,-4,0,27,594.699994802475
1983,0,-3,0,36,773.8999931812286
1983,0,-2,0,49,1023.999992847443
1983,0,2,0,44,1011.699995994568
1983,0,3,0,47,1054.899994492531
1983,0,4,0,46,1015.199993729591
1983,0,5,0,44,1002.399995446205
1983,0,6,0,43,1065.800001144409
1983,0,7,0,42,1060.657009243965
1983,0,8,0,43,1093.306010365486
1983,0,9,0,43,1093.306010365486
1983,0,10,0,41,1132.1600086689
1983,0,11,0,42,1097.278012037277
1983,0,12,0,42,1090.764012098312
1983,0,13,0,41,1083.313011884689
1983,0,14,1,30,1095.553990840912
1983,0,16,1,30,1095.553990840912
1983,0,18,1,28,1027.641989707947
1983,0,20,1,28,1027.09499669075
1983,0,22,1,28,1087.725993394852
1983,0,24,1,26,1126.584006786346
1983,0,26,1,26,1126.584006786346
1983,0,28,1,22,1082.667993068695
1983,0,30,1,22,1079.30699300766
1983,0,32,1,15,878.7950029373169
1983,0,34,1,15,859.3569993972778
1983,0,36,1,16,941.517991065979
1984,0,-13,0,1,21.70000076293945
1984,0,-12,0,3,76.89999961853027
1984,0,-11,0,4,101
1984,0,-10,0,3,93.89999961853027
1984,0,-9,0,7,153.2999992370605
1984,0,-7,0,9,181.5999991893768
1984,0,-6,0,12,253.8999993801117
1984,0,-5,0,16,363.9999971389771
1984,0,-4,0,25,597.3999972343445
1984,0,-3,0,28,624.5999989509583
1984,0,1,0,26,676.6999998092651
1984,0,2,0,27,680.6999998092651
1984,0,3,0,25,672.7999997138977
1984,0,4,0,24,625.0000004768372
1984,0,5,0,25,727.0999946594238
1984,0,6,0,25,727.332001209259
1984,0,7,0,25,727.332001209259
1984,0,8,0,25,727.332001209259
1984,0,9,0,25,784.2109999656677
1984,0,10,0,27,807.659996509552
1984,0,11,0,27,840.009997844696
1984,0,12,0,27,845.8810000419617
1984,0,13,1,16,698.5800013542175
1984,0,15,1,15,690.3840012550354
1984,0,17,1,15,690.3840012550354
1984,0,19,1,14,673.8519983291626
1984,0,21,1,12,576.9299974441528
1984,0,23,1,13,617.50199842453
1984,0,25,1,12,565.360999584198
1984,0,27,1,13,668.6669969558716
1984,0,29,1,9,429.2939958572388
1984,0,31,1,12,682.7879991531372
1984,0,33,1,8,469.4959979057312
1984,0,35,1,10,658.5070071220398
1985,0,-10,0,1,39.59999847412109
1985,0,-8,0,4,81.39999830722809
1985,0,-7,0,8,140.2999980449677
1985,0,-6,0,7,153.8999983668327
1985,0,-5,0,14,296.9999999403954
1985,0,-4,0,21,422.7000004649162
1985,0,0,0,43,1050.599989116192
1985,0,1,0,41,961.8999891281128
1985,0,2,0,40,987.4999878406525
1985,0,3,0,40,985.399987757206
1985,0,4,0,41,1089.19998884201
1985,0,5,0,40,1084.470017790794
1985,0,6,0,37,1039.931016802788
1985,0,7,0,38,1075.568017840385
1985,0,8,0,36,1141.251004219055
1985,0,9,0,41,1160.178004086018
1985,0,10,0,34,1064.116002321243
1985,0,11,0,37,1080.723002433777
1985,0,12,1,31,1198.215993881226
1985,0,14,1,28,1099.793992996216
1985,0,16,1,26,941.9639949798584
1985,0,18,1,25,946.928000330925
1985,0,20,1,28,1080.740000605583
1985,0,22,1,23,926.1990003585815
1985,0,24,1,25,962.3340044021606
1985,0,26,1,21,861.651996254921
1985,0,28,1,21,847.5069996118546
1985,0,30,1,22,1092.116998910904
1985,0,32,1,20,920.9430019855499
1985,0,34,1,21,1067.464002370834
1986,0,-16,0,1,25.10000038146973
1986,0,-15,0,2,29.70000028610229
1986,0,-14,0,2,29.70000028610229
1986,0,-13,0,3,35.40000009536743
1986,0,-12,0,2,37.70000076293945
1986,0,-11,0,4,92.40000295639038
1986,0,-9,0,5,119.5000033378601
1986,0,-8,0,8,172.5000038146973
1986,0,-7,0,13,264.0999994277954
1986,0,-6,0,14,290.7999987602234
1986,0,-5,0,15,280.5999987125397
1986,0,-1,0,40,913.0999987721443
1986,0,0,0,54,1302.199996054173
1986,0,1,0,55,1306.399995863438
1986,0,2,0,53,1280.59999537468
1986,0,3,0,54,1487.499994397163
1986,0,4,0,55,1484.934018433094
1986,0,5,0,53,1424.522017776966
1986,0,6,0,50,1338.154016077518
1986,0,7,0,51,1477.140993118286
1986,0,8,0,47,1364.577992320061
1986,0,9,0,46,1327.055992007256
1986,0,10,0,45,1301.595992088318
1986,0,11,1,38,1370.603989362717
1986,0,13,1,39,1400.057992458344
1986,0,15,1,37,1356.717995882034
1986,0,17,1,36,1324.44700217247
1986,0,19,1,34,1193.986003637314
1986,0,21,1,35,1367.452003717422
1986,0,23,1,36,1368.699003696442
1986,0,25,1,34,1394.868009328842
1986,0,27,1,29,1304.946011304855
1986,0,29,1,30,1394.754990696907
1986,0,31,1,28,1396.521992325783
1986,0,33,1,28,1401.871003508568
1987,0,-17,0,1,24.89999961853027
1987,0,-16,0,1,24.89999961853027
1987,0,-15,0,1,24.89999961853027
1987,0,-14,0,2,52.29999923706055
1987,0,-13,0,2,63.89999961853027
1987,0,-12,0,4,122.5999984741211
1987,0,-10,0,8,206.7999992370605
1987,0,-9,0,9,232.7999992370605
1987,0,-8,0,16,420.199999332428
1987,0,-7,0,23,514.399998664856
1987,0,-6,0,25,572.399998664856
1987,0,-2,0,51,1190.899987399578
1987,0,-1,0,50,1165.199988305569
1987,0,0,0,65,1382.799985706806
1987,0,1,0,59,1326.099985897541
1987,0,2,0,58,1496.699986696243
1987,0,3,0,57,1482.524007320404
1987,0,4,0,57,1490.030005931854
1987,0,5,0,57,1464.202004909515
1987,0,6,0,58,1651.718999147415
1987,0,7,0,60,1680.544998168945
1987,0,8,0,60,1676.287998437881
1987,0,9,0,58,1630.457998037338
1987,0,10,1,43,1505.91400206089
1987,0,12,1,44,1567.591995358467
1987,0,14,1,43,1521.433998227119
1987,0,16,1,42,1553.189000248909
1987,0,18,1,41,1458.817000508308
1987,0,20,1,38,1335.823006153107
1987,0,22,1,39,1420.523003101349
1987,0,24,1,37,1455.200991988182
1987,0,26,1,32,1335.856989741325
1987,0,28,1,31,1382.882991790771
1987,0,30,1,29,1140.631995201111
1987,0,32,1,29,1202.136007666588
1988,0,-13,0,3,88.79999923706055
1988,0,-11,0,4,109.6999988555908
1988,0,-10,0,5,139.0999984741211
1988,0,-9,0,4,122.0999984741211
1988,0,-8,0,4,122.0999984741211
1988,0,-7,0,7,182.3999972343445
1988,0,-3,0,31,753.5999984741211
1988,0,-2,0,40,1006.399996876717
1988,0,-1,0,44,1123.999996185303
1988,0,0,0,58,1279.299993515015
1988,0,1,0,55,1482.800000548363
1988,0,2,0,54,1433.573006570339
1988,0,3,0,52,1443.614006698132
1988,0,4,0,51,1393.592005312443
1988,0,5,0,50,1521.309008598328
1988,0,6,0,49,1470.066009044647
1988,0,7,0,51,1474.453009009361
1988,0,8,0,50,1452.19700551033
1988,0,9,1,41,1532.006998181343
1988,0,11,1,43,1516.534998059273
1988,0,13,1,41,1507.226996898651
1988,0,15,1,38,1524.826997756958
1988,0,17,1,39,1487.295996427536
1988,0,19,1,36,1429.240991353989
1988,0,21,1,38,1543.067991018295
1988,0,23,1,33,1454.481000900269
1988,0,25,1,34,1400.351997256279
1988,0,27,1,30,1436.353000640869
1988,0,29,1,24,1244.228001832962
1988,0,31,1,32,1692.407996296883
1989,0,-15,0,1,24.89999961853027
1989,0,-14,0,2,28.89999961853027
1989,0,-12,0,5,99.79999923706055
1989,0,-11,0,8,137.0999990701675
1989,0,-10,0,12,265.5000002384186
1989,0,-9,0,12,274.0999991893768
1989,0,-8,0,14,276.9999994635582
1989,0,-4,0,28,730.899994134903
1989,0,-3,0,37,973.1999952793121
1989,0,-2,0,45,1103.299995958805
1989,0,-1,0,49,1172.999996483326
1989,0,0,0,54,1404.599998831749
1989,0,1,0,54,1420.224010169506
1989,0,2,0,54,1398.185008943081
1989,0,3,0,51,1322.331011354923
1989,0,4,0,51,1482.075003385544
1989,0,5,0,49,1438.47100186348
1989,0,6,0,51,1504.063002824783
1989,0,7,0,49,1467.087002515793
1989,0,8,1,38,1397.113001942635
1989,0,10,1,37,1350.476000905037
1989,0,12,1,37,1359.457000732422
1989,0,14,1,35,1302.139004826546
1989,0,16,1,34,1264.107003331184
1989,0,18,1,36,1418.116990685463
1989,0,20,1,36,1337.264991879463
1989,0,22,1,32,1259.582993030548
1989,0,24,1,31,1247.859996795654
1989,0,26,1,29,1310.223993301392
1989,0,28,1,27,1213.215994358063
1989,0,30,1,24,1264.402996778488
1990,0,-15,0,1,32.09999847412109
1990,0,-13,0,3,90.29999732971191
1990,0,-12,0,4,114.5999984741211
1990,0,-11,0,4,123.6999969482422
1990,0,-10,0,6,188.7999973297119
1990,0,-9,0,7,191.8999972343445
1990,0,-5,0,10,313.5999992489815
1990,0,-4,0,13,371.09999781847
1990,0,-3,0,14,403.3999970555305
1990,0,-2,0,23,655.3999963402748
1990,0,-1,0,30,894.299991607666
1990,0,0,0,39,1014.100004792213
1990,0,1,0,35,989.6320053339005
1990,0,2,0,33,975.404005408287
1990,0,3,0,34,1030.735003471375
1990,0,4,0,36,1059.362002372742
1990,0,5,0,33,1053.72400188446
1990,0,6,0,36,1057.234000682831
1990,0,7,1,30,1126.901003837585
1990,0,9,1,28,1082.414000511169
1990,0,11,1,29,1070.186003684998
1990,0,13,1,29,1104.77300131321
1990,0,15,1,27,1011.934004426003
1990,0,17,1,28,1118.409999728203
1990,0,19,1,26,998.843997836113
1990,0,21,1,28,1172.713001966476
1990,0,23,1,26,1071.763001203537
1990,0,25,1,21,885.3809965848923
1990,0,27,1,19,828.6919974088669
1990,0,29,1,21,952.7409949302673
1991,0,-14,0,1,26
1991,0,-13,0,2,41.80000019073486
1991,0,-12,0,6,154.7999992370605
1991,0,-11,0,9,208.4999995231628
1991,0,-10,0,8,195.8999996185303
1991,0,-6,0,18,496.299991607666
1991,0,-5,0,24,661.7999901771545
1991,0,-4,0,27,682.39999127388
1991,0,-3,0,32,796.5999910831451
1991,0,-2,0,42,1129.599997758865
1991,0,-1,0,52,1452.787014484406
1991,0,0,0,58,1479.181012868881
1991,0,1,0,51,1345.446009635925
1991,0,2,0,51,1506.850001990795
1991,0,3,0,56,1677.181004226208
1991,0,4,0,57,1681.643004119396
1991,0,5,0,56,1609.196002721786
1991,0,6,1,47,1647.710003137589
1991,0,8,1,46,1666.960001707077
1991,0,10,1,47,1642.432000398636
1991,0,12,1,44,1632.321995794773
1991,0,14,1,48,1806.109993040562
1991,0,16,1,45,1746.684003531933
1991,0,18,1,40,1573.962004125118
1991,0,20,1,40,1612.050011456013
1991,0,22,1,39,1593.982010662556
1991,0,24,1,37,1624.806001067162
1991,0,26,1,37,1573.019000411034
1991,0,28,1,32,1484.165996789932
1992,0,-17,0,2,60.79999923706055
1992,0,-15,0,2,60.79999923706055
1992,0,-14,0,2,60.79999923706055
1992,0,-13,0,3,105.9999961853027
1992,0,-12,0,3,105.9999961853027
1992,0,-11,0,6,185.3999977111816
1992,0,-7,0,17,408.6999970674515
1992,0,-6,0,20,568.3999931812286
1992,0,-5,0,22,556.0999934673309
1992,0,-4,0,24,640.5999934673309
1992,0,-3,0,27,792.299996137619
1992,0,-2,0,39,1169.260012030602
1992,0,-1,0,41,1214.328012347221
1992,0,0,0,44,1249.318011522293
1992,0,1,0,44,1363.778009057045
1992,0,2,0,46,1414.763010323048
1992,0,3,0,42,1370.637008011341
1992,0,4,0,43,1342.216007769108
1992,0,5,1,34,1326.688008546829
1992,0,7,1,33,1207.59800863266
1992,0,9,1,32,1213.668008327484
1992,0,11,1,31,1210.234995126724
1992,0,13,1,29,1057.093994379044
1992,0,15,1,31,1263.423001050949
1992,0,17,1,30,1304.829001665115
1992,0,19,1,30,1344.795010566711
1992,0,21,1,30,1321.173010826111
1992,0,23,1,26,1274.341006278992
1992,0,25,1,26,1328.089004516602
1992,0,27,1,22,1257.37099313736
1993,0,-15,0,1,27.10000038146973
1993,0,-14,0,1,29
1993,0,-13,0,1,29
1993,0,-12,0,3,78.69999885559082
1993,0,-8,0,10,264.9999966621399
1993,0,-7,0,11,276.5999975204468
1993,0,-6,0,16,450.099995136261
1993,0,-5,0,18,520.099995136261
1993,0,-4,0,23,747.3000049591064
1993,0,-3,0,27,932.1140172481537
1993,0,-2,0,31,1023.441015958786
1993,0,-1,0,38,1251.335020303726
1993,0,0,0,49,1528.147996783257
1993,0,1,0,50,1579.513994574547
1993,0,2,0,49,1483.107995867729
1993,0,3,0,49,1529.70799767971
1993,0,4,1,45,1652.778996109962
1993,0,6,1,42,1493.710997223854
1993,0,8,1,42,1563.1279951334
1993,0,10,1,41,1598.346987009048
1993,0,12,1,41,1619.342987060547
1993,0,14,1,39,1633.771000385284
1993,0,16,1,39,1647.422999382019
1993,0,18,1,35,1526.34599840641
1993,0,20,1,32,1366.910997033119
1993,0,22,1,33,1571.015001177788
1993,0,24,1,27,1243.037004351616
1993,0,26,1,29,1497.007999897003
1994,0,-19,0,2,22.59999966621399
1994,0,-17,0,3,48.59999966621399
1994,0,-16,0,3,72.89999961853027
1994,0,-15,0,4,109.5999984741211
1994,0,-14,0,4,109.5999984741211
1994,0,-13,0,5,136.7999992370605
1994,0,-9,0,10,277.8999977111816
1994,0,-8,0,12,319.7999954223633
1994,0,-7,0,13,349.7999954223633
1994,0,-6,0,20,558.9999942779541
1994,0,-5,0,27,812.2999978065491
1994,0,-4,0,29,894.0020046234131
1994,0,-3,0,31,927.9860038161278
1994,0,-2,0,37,1045.595004618168
1994,0,-1,0,42,1271.403002142906
1994,0,0,0,56,1534.242005109787
1994,0,1,0,54,1475.575007200241
1994,0,2,0,51,1440.255004882813
1994,0,3,1,40,1348.321998357773
1994,0,5,1,40,1290.942996144295
1994,0,7,1,41,1270.060997128487
1994,0,9,1,41,1380.494000077248
1994,0,11,1,41,1400.495999455452
1994,0,13,1,39,1452.044008731842
1994,0,15,1,37,1260.098011851311
1994,0,17,1,37,1417.530012488365
1994,0,19,1,29,1088.094010233879
1994,0,21,1,32,1388.045000314713
1994,0,23,1,31,1362.516000032425
1994,0,25,1,28,1311.200019717216
1995,0,-18,0,1,36.20000076293945
1995,0,-17,0,1,36.20000076293945
1995,0,-16,0,1,38.70000076293945
1995,0,-15,0,1,38.70000076293945
1995,0,-14,0,1,38.70000076293945
1995,0,-10,0,4,122.2999992370605
1995,0,-9,0,6,146.8999989032745
1995,0,-8,0,7,179.1999981403351
1995,0,-7,0,6,156.2999985218048
1995,0,-6,0,9,203.1999989748001
1995,0,-5,0,15,358.1510033607483
1995,0,-4,0,17,436.9350020885468
1995,0,-3,0,19,469.7940025925636
1995,0,-2,0,25,580.5080030560493
1995,0,-1,0,33,752.9020004868507
1995,0,0,0,43,934.4680008292198
1995,0,1,0,42,914.5230011343956
1995,0,2,1,32,895.110992193222
1995,0,4,1,33,946.0879895687103
1995,0,6,1,32,944.6419895887375
1995,0,8,1,30,908.2319973707199
1995,0,10,1,31,868.5789932012558
1995,0,12,1,29,844.69899725914
1995,0,14,1,30,903.2400014400482
1995,0,16,1,29,917.1790030002594
1995,0,18,1,28,884.2520053386688
1995,0,20,1,25,821.832013130188
1995,0,22,1,26,890.9480148553848
1995,0,24,1,25,903.9940041303635
1996,0,-16,0,1,5.199999809265137
1996,0,-15,0,2,7.799999713897705
1996,0,-11,0,3,70.99999761581421
1996,0,-10,0,3,70.99999761581421
1996,0,-9,0,3,70.99999761581421
1996,0,-8,0,5,129.8999991416931
1996,0,-7,0,6,157.4999971389771
1996,0,-6,0,9,296.068998336792
1996,0,-5,0,11,341.3889989852905
1996,0,-4,0,15,459.9890022277832
1996,0,-3,0,25,801.7080019712448
1996,0,-2,0,30,852.1710028648376
1996,0,-1,0,31,893.7710028886795
1996,0,0,0,41,1074.415003538132
1996,0,1,1,37,1204.633996009827
1996,0,3,1,36,1179.152996063232
1996,0,5,1,37,1228.233995437622
1996,0,7,1,36,1265.356998562813
1996,0,9,1,33,1162.346997618675
1996,0,11,1,33,1212.139001965523
1996,0,13,1,35,1301.823999524117
1996,0,15,1,34,1366.036995887756
1996,0,17,1,33,1302.80499458313
1996,0,19,1,31,1369.981001615524
1996,0,21,1,30,1240.377995610237
1996,0,23,1,30,1380.810012936592
1997,0,-22,0,1,28.29999923706055
1997,0,-19,0,1,28.29999923706055
1997,0,-18,0,1,32.29999923706055
1997,0,-17,0,2,60.69999885559082
1997,0,-16,0,4,91.69999885559082
1997,0,-12,0,4,131.5
1997,0,-11,0,5,133.9000000953674
1997,0,-10,0,5,141.3000016212463
1997,0,-9,0,5,147.7000031471252
1997,0,-8,0,6,179.4999995231628
1997,0,-7,0,11,371.8430030345917
1997,0,-6,0,12,412.9740035533905
1997,0,-5,0,16,561.9850032329559
1997,0,-4,0,17,619.1380047798157
1997,0,-3,0,20,669.7230010032654
1997,0,-2,0,24,795.6210018992424
1997,0,-1,0,30,976.1580006480217
1997,0,0,1,46,1625.217008829117
1997,0,2,1,42,1466.66800904274
1997,0,4,1,44,1566.508009195328
1997,0,6,1,41,1533.971987783909
1997,0,8,1,44,1647.551989614964
1997,0,10,1,43,1692.521002292633
1997,0,12,1,43,1688.646002292633
1997,0,14,1,37,1568.387985289097
1997,0,16,1,37,1623.543981611729
1997,0,18,1,32,1512.955015540123
1997,0,20,1,35,1641.531013846397
1997,0,22,1,30,1555.387989044189
1998,0,-11,0,1,35.59999847412109
1998,0,-10,0,3,114.2000007629395
1998,0,-9,0,2,79.20000076293945
1998,0,-8,0,4,161.6870002746582
1998,0,-7,0,7,252.8810048103333
1998,0,-6,0,6,207.4720005989075
1998,0,-5,0,10,384.4959998130798
1998,0,-4,0,15,520.4550004005432
1998,0,-3,0,18,571.1100006103516
1998,0,-2,0,22,702.6020011901855
1998,0,-1,1,29,1093.821010112762
1998,0,1,1,31,1154.786008358002
1998,0,3,1,29,1107.310008525848
1998,0,5,1,29,1135.939006328583
1998,0,7,1,30,1194.230006694794
1998,0,9,1,28,1155.158004760742
1998,0,11,1,26,1117.897004127502
1998,0,13,1,24,1066.449998855591
1998,0,15,1,22,933.253999710083
1998,0,17,1,22,1083.93599653244
1998,0,19,1,21,1002.210995674133
1998,0,21,1,20,1073.40901184082
1999,0,-14,0,2,64.59999847412109
1999,0,-13,0,1,32.29999923706055
1999,0,-12,0,1,32.29999923706055
1999,0,-11,0,3,85.39999771118164
1999,0,-10,0,2,58.59999847412109
1999,0,-9,0,3,96.35400009155273
1999,0,-8,0,5,164.318000793457
1999,0,-7,0,4,116.0620002746582
1999,0,-6,0,8,221.3779983520508
1999,0,-5,0,10,293.0150012969971
1999,0,-4,0,12,349.4039993286133
1999,0,-3,0,14,380.4390029907227
1999,0,-2,1,20,608.2009992599487
1999,0,0,1,47,1437.084992408752
1999,0,2,1,44,1382.178990602493
1999,0,4,1,42,1393.345006227493
1999,0,6,1,45,1454.275004386902
1999,0,8,1,46,1577.953986406326
1999,0,10,1,40,1334.553984880447
1999,0,12,1,38,1370.077004909515
1999,0,14,1,38,1383.501012325287
1999,0,16,1,33,1221.761012554169
1999,0,18,1,32,1141.778011798859
1999,0,20,1,26,1059.655990123749
2000,0,-15,0,3,105.5999984741211
2000,0,-13,0,3,105.5999984741211
2000,0,-12,0,6,212.0999946594238
2000,0,-11,0,5,200.5999984741211
2000,0,-10,0,7,277.4850006103516
2000,0,-9,0,8,297.1780014038086
2000,0,-8,0,9,354.6430015563965
2000,0,-7,0,13,479.846001625061
2000,0,-6,0,15,488.9949998855591
2000,0,-5,0,17,573.262001991272
2000,0,-4,0,19,638.9490022659302
2000,0,-3,1,24,931.2049932479858
2000,0,-1,1,40,1359.499994754791
2000,0,1,1,37,1303.550993442535
2000,0,3,1,40,1461.104998469353
2000,0,5,1,40,1461.104998469353
2000,0,7,1,38,1497.365005016327
2000,0,9,1,39,1499.237004995346
2000,0,11,1,38,1536.959010362625
2000,0,13,1,36,1477.609009981155
2000,0,15,1,36,1655.649992346764
2000,0,17,1,36,1646.181993842125
2000,0,19,1,32,1632.068990707397
2001,0,-16,0,1,33.59999847412109
2001,0,-15,0,2,64.49999809265137
2001,0,-14,0,1,33.59999847412109
2001,0,-13,0,1,33.59999847412109
2001,0,-12,0,1,37.09999847412109
2001,0,-11,0,2,71.27400207519531
2001,0,-10,0,2,71.27400207519531
2001,0,-9,0,2,71.27400207519531
2001,0,-8,0,5,160.5250000953674
2001,0,-7,0,9,298.3129982948303
2001,0,-6,0,10,330.4129967689514
2001,0,-5,0,15,479.6779980659485
2001,0,-4,1,21,833.2499952316284
2001,0,-2,1,31,1035.523998737335
2001,0,0,1,51,1592.54299902916
2001,0,2,1,49,1647.427996873856
2001,0,4,1,48,1580.75399518013
2001,0,6,1,46,1641.565997362137
2001,0,8,1,46,1605.52499628067
2001,0,10,1,43,1660.273009777069
2001,0,12,1,44,1655.044005632401
2001,0,14,1,39,1487.345989823341
2001,0,16,1,41,1581.421990036964
2001,0,18,1,40,1692.75799715519
2002,0,-17,0,1,33.59999847412109
2002,0,-16,0,1,33.59999847412109
2002,0,-15,0,1,33.59999847412109
2002,0,-14,0,1,33.59999847412109
2002,0,-13,0,1,37.09999847412109
2002,0,-12,0,2,80.92600250244141
2002,0,-11,0,2,80.92600250244141
2002,0,-10,0,2,80.92600250244141
2002,0,-9,0,6,176.0119981765747
2002,0,-8,0,7,207.362998008728
2002,0,-7,0,8,233.0159978866577
2002,0,-6,0,13,358.7640008926392
2002,0,-5,1,13,472.1330032348633
2002,0,-3,1,22,699.2999992370605
2002,0,-1,1,31,934.8230032324791
2002,0,1,1,32,1014.070005476475
2002,0,3,1,31,942.454006254673
2002,0,5,1,29,939.3529995679855
2002,0,7,1,30,940.0459995865822
2002,0,9,1,30,1060.50899541378
2002,0,11,1,29,1031.196996331215
2002,0,13,1,26,963.673004090786
2002,0,15,1,22,844.3620032668114
2002,0,17,1,23,809.4330062866211
2003,0,-17,0,1,40.29999923706055
2003,0,-16,0,1,40.29999923706055
2003,0,-15,0,2,71.89999961853027
2003,0,-14,0,3,129.1000022888184
2003,0,-13,0,3,129.1490020751953
2003,0,-12,0,4,149.8440017700195
2003,0,-11,0,6,209.415002822876
2003,0,-10,0,7,301.3260021209717
2003,0,-9,0,9,345.105001449585
2003,0,-8,0,10,346.4670028686523
2003,0,-7,0,11,440.0630054473877
2003,0,-6,1,12,582.1790008544922
2003,0,-4,1,19,738.3849968910217
2003,0,-2,1,34,1150.065003037453
2003,0,0,1,40,1410.227003455162
2003,0,2,1,37,1400.387002646923
2003,0,4,1,41,1431.112001955509
2003,0,6,1,41,1431.112001955509
2003,0,8,1,40,1494.834998607635
2003,0,10,1,36,1331.287001371384
2003,0,12,1,35,1417.784002184868
2003,0,14,1,40,1609.620003223419
2003,0,16,1,39,1735.492002129555
2004,0,-17,0,1,30.29999923706055
2004,0,-15,0,1,33.40000152587891
2004,0,-14,0,2,50.75399971008301
2004,0,-13,0,2,50.75399971008301
2004,0,-12,0,2,69.04700088500977
2004,0,-11,0,5,143.8900003433228
2004,0,-10,0,8,203.6690000593662
2004,0,-9,0,9,234.5320009291172
2004,0,-8,0,9,201.9849995672703
2004,0,-7,1,13,330.0970059931278
2004,0,-5,1,20,592.9110088348389
2004,0,-3,1,33,972.997012168169
2004,0,-1,1,53,1547.000991344452
2004,0,1,1,49,1449.000991016626
2004,0,3,1,50,1575.88400092721
2004,0,5,1,48,1448.226004034281
2004,0,7,1,47,1474.987992465496
2004,0,9,1,45,1395.554996669292
2004,0,11,1,44,1521.591994643211
2004,0,13,1,44,1545.842990875244
2004,0,15,1,40,1504.474998652935
2005,0,-14,0,1,37.12200164794922
2005,0,-13,0,3,116.5630035400391
2005,0,-12,0,4,145.931999206543
2005,0,-11,0,8,230.8240003585815
2005,0,-10,0,7,228.4680004119873
2005,0,-9,0,10,362.9460020065308
2005,0,-8,1,14,519.6650032997131
2005,0,-6,1,25,818.875005364418
2005,0,-4,1,31,1003.503999352455
2005,0,-2,1,50,1608.663008928299
2005,0,0,1,71,2259.204005122185
2005,0,2,1,64,2211.502992153168
2005,0,4,1,65,2146.882994651794
2005,0,6,1,59,2201.27298861742
2005,0,8,1,54,2032.290990889072
2005,0,10,1,45,1809.797006368637
2005,0,12,1,45,1826.067004680634
2005,0,14,1,44,2027.819995641708
2006,0,-15,0,1,37.12099838256836
2006,0,-14,0,1,37.12099838256836
2006,0,-13,0,1,39.59700012207031
2006,0,-12,0,2,42.11500000953674
2006,0,-11,0,3,45.58100008964539
2006,0,-10,0,4,100.2849986553192
2006,0,-9,1,5,141.5650005340576
2006,0,-7,1,9,248.8459985256195
2006,0,-5,1,18,416.4909980297089
2006,0,-3,1,30,762.2280011177063
2006,0,-1,1,43,1046.979999303818
2006,0,1,1,40,1052.12400329113
2006,0,3,1,41,1068.852003931999
2006,0,5,1,36,1040.194993257523
2006,0,7,1,35,958.1499917507172
2006,0,9,1,33,1046.981995820999
2006,0,11,1,35,1069.297997713089
2006,0,13,1,33,1174.082993268967
2007,0,-14,0,1,20.23600006103516
2007,0,-13,0,2,35.03600025177002
2007,0,-12,0,3,78.9290018081665
2007,0,-11,0,4,104.842001914978
2007,0,-10,1,5,184.3880023956299
2007,0,-8,1,9,287.0410013198853
2007,0,-6,1,17,448.3509976863861
2007,0,-4,1,29,787.3729985952377
2007,0,-2,1,38,1083.215994715691
2007,0,0,1,55,1504.294990897179
2007,0,2,1,51,1407.9919911623
2007,0,4,1,46,1211.474999427795
2007,0,6,1,47,1336.924004793167
2007,0,8,1,47,1408.454994559288
2007,0,10,1,42,1198.717998385429
2007,0,12,1,40,1290.680995225906
2008,0,-22,0,1,6.800000190734863
2008,0,-21,0,1,6.800000190734863
2008,0,-20,0,1,6.800000190734863
2008,0,-19,0,1,8
2008,0,-18,0,1,8.02299976348877
2008,0,-17,0,1,8.02299976348877
2008,0,-16,0,1,8.02299976348877
2008,0,-15,0,2,38.89199924468994
2008,0,-14,0,2,38.89199924468994
2008,0,-13,0,2,38.89199924468994
2008,0,-12,0,3,84.2790002822876
2008,0,-11,1,4,149.4320001602173
2008,0,-9,1,7,205.5639982223511
2008,0,-7,1,13,336.8019990921021
2008,0,-5,1,21,558.7140009403229
2008,0,-3,1,37,887.1840012073517
2008,0,-1,1,47,1159.714999914169
2008,0,1,1,49,1271.650998473167
2008,0,3,1,47,1231.135998606682
2008,0,5,1,47,1233.586995005608
2008,0,7,1,45,1292.66400718689
2008,0,9,1,40,1145.616005897522
2008,0,11,1,41,1317.682006120682
2009,0,-15,0,1,57.39300155639648
2009,0,-14,0,2,63.49500179290771
2009,0,-13,0,2,63.49500179290771
2009,0,-12,1,3,97.44000053405762
2009,0,-10,1,7,233.0629978179932
2009,0,-8,1,13,394.2569961547852
2009,0,-6,1,16,487.5410022735596
2009,0,-4,1,29,712.5690002441406
2009,0,-2,1,48,1222.223992824554
2009,0,0,1,69,1593.180997133255
2009,0,2,1,63,1692.290009856224
2009,0,4,1,60,1548.34900867939
2009,0,6,1,62,1764.076007246971
2009,0,8,1,59,1586.719006299973
2009,0,10,1,54,1644.982003450394
2010,0,-17,0,2,85.57699966430664
2010,0,-16,0,2,85.57699966430664
2010,0,-15,0,2,85.57699966430664
2010,0,-14,0,2,85.57699966430664
2010,0,-13,1,3,138.7299995422363
2010,0,-11,1,7,202.2729986906052
2010,0,-9,1,11,285.0319985151291
2010,0,-7,1,20,476.4169999361038
2010,0,-5,1,32,721.4469994306564
2010,0,-3,1,46,1056.569001913071
2010,0,-1,1,64,1377.843003451824
2010,0,1,1,61,1450.049000740051
2010,0,3,1,60,1428.757999897003
2010,0,5,1,53,1331.780004024506
2010,0,7,1,57,1452.377003788948
2010,0,9,1,53,1488.589999914169
2011,0,-18,0,1,22.89999961853027
2011,0,-17,0,1,22.89999961853027
2011,0,-16,0,1,22.89999961853027
2011,0,-15,0,1,22.89999961853027
2011,0,-14,1,1,27.42600059509277
2011,0,-12,1,3,75.53499984741211
2011,0,-10,1,4,78.20099973678589
2011,0,-8,1,5,134.8290009498596
2011,0,-6,1,9,192.8699996471405
2011,0,-4,1,16,412.6939988136292
2011,0,-2,1,29,802.2720031738281
2011,0,0,1,42,1100.378005027771
2011,0,2,1,38,1011.298004627228
2011,0,4,1,38,1078.864003658295
2011,0,6,1,40,1141.014002799988
2011,0,8,1,31,874.0940022468567
2012,0,-16,0,1,26.40900039672852
2012,0,-11,1,5,193.1139984130859
2012,0,-9,1,7,270.8309993743896
2012,0,-7,1,16,459.3539971113205
2012,0,-5,1,28,823.9109969139099
2012,0,-3,1,37,1100.695996403694
2012,0,-1,1,56,1471.146992206573
2012,0,1,1,53,1397.285992145538
2012,0,3,1,52,1442.585991501808
2012,0,5,1,49,1384.998992562294
2012,0,7,1,49,1483.177002191544
2013,0,-14,1,2,88.89100074768066
2013,0,-12,1,2,88.89100074768066
2013,0,-10,1,3,62.49299907684326
2013,0,-8,1,11,311.6320009827614
2013,0,-6,1,18,476.364008128643
2013,0,-4,1,30,806.8739977478981
2013,0,-2,1,39,976.518002986908
2013,0,0,1,56,1317.058001041412
2013,0,2,1,45,1166.498004794121
2013,0,4,1,45,1099.924998879433
2013,0,6,1,42,1178.645996212959
2014,0,-15,1,1,33.31600189208984
2014,0,-13,1,1,33.31600189208984
2014,0,-11,1,5,130.0590000152588
2014,0,-9,1,9,204.0790015459061
2014,0,-7,1,15,426.6709997653961
2014,0,-5,1,19,497.2489993572235
2014,0,-3,1,32,843.2649986147881
2014,0,-1,1,48,1210.962000668049
2014,0,1,1,45,1257.448000431061
2014,0,3,1,46,1247.6840031147
2014,0,5,1,45,1298.801000118256
2015,0,-18,1,2,46.27199935913086
2015,0,-16,1,2,46.27199935913086
2015,0,-14,1,4,120.3740005493164
2015,0,-12,1,7,187.2829990386963
2015,0,-10,1,10,298.1690011024475
2015,0,-8,1,14,401.661001086235
2015,0,-6,1,21,510.4450000524521
2015,0,-4,1,32,889.3350042104721
2015,0,-2,1,44,1101.009005904198
2015,0,0,1,54,1381.702996969223
2015,0,2,1,52,1378.04399728775
2015,0,4,1,45,1388.229004144669
2016,0,-13,1,1,18.50300025939941
2016,0,-11,1,8,160.5560038089752
2016,0,-9,1,12,282.8129968643188
2016,0,-7,1,22,571.9549951553345
2016,0,-5,1,27,734.8460034132004
2016,0,-3,1,38,875.096001625061
2016,0,-1,1,51,1197.602005958557
2016,0,1,1,45,1089.996005773544
2016,0,3,1,48,1289.786996394396
2017,0,-16,1,1,1.504999995231628
2017,0,-14,1,1,25.10400009155273
2017,0,-12,1,6,99.62099993228912
2017,0,-10,1,12,270.5169981718063
2017,0,-8,1,16,330.7059967517853
2017,0,-6,1,25,604.0369917154312
2017,0,-4,1,40,955.8679889440536
2017,0,-2,1,46,1153.638004541397
2017,0,0,1,61,1535.826999664307
2017,0,2,1,52,1448.120002269745
2018,0,-17,1,1,31.22100067138672
2018,0,-15,1,3,35.07199919223785
2018,0,-13,1,3,35.07199919223785
2018,0,-11,1,6,97.11599922180176
2018,0,-9,1,9,197.7819976806641
2018,0,-7,1,16,462.532998919487
2018,0,-5,1,19,526.7549995183945
2018,0,-3,1,33,884.9900065660477
2018,0,-1,1,41,1008.815002322197
2018,0,1,1,41,1139.071001291275
2019,0,-22,1,1,15.37100028991699
2019,0,-20,1,1,16.51300048828125
2019,0,-18,1,1,16.51300048828125
2019,0,-16,1,2,46.57299995422363
2019,0,-14,1,2,46.57299995422363
2019,0,-12,1,5,105.7779979705811
2019,0,-10,1,4,73.7869987487793
2019,0,-8,1,6,149.3280000686646
2019,0,-6,1,8,200.0019998550415
2019,0,-4,1,10,294.5749988555908
2019,0,-2,1,12,327.2899980545044
2019,0,0,1,18,611.7149953842163
,1,,0,8828,229009.1587466002
,1,,1,7590,254200.49682796
