requested_age,age,z_index,z,liquid_wealth,owner_entry_probability
30.0,30.0,0,0.6134533968572546,-12.0,nan
30.0,30.0,0,0.6134533968572546,-11.3,nan
30.0,30.0,0,0.6134533968572546,-10.6,nan
30.0,30.0,0,0.6134533968572546,-9.9,nan
30.0,30.0,0,0.6134533968572546,-9.2,nan
30.0,30.0,0,0.6134533968572546,-8.5,nan
30.0,30.0,0,0.6134533968572546,-7.800000000000001,nan
30.0,30.0,0,0.6134533968572546,-7.1000000000000005,nan
30.0,30.0,0,0.6134533968572546,-6.4,nan
30.0,30.0,0,0.6134533968572546,-5.7,nan
30.0,30.0,0,0.6134533968572546,-5.0,nan
30.0,30.0,0,0.6134533968572546,-4.8604651162790695,nan
30.0,30.0,0,0.6134533968572546,-4.72093023255814,nan
30.0,30.0,0,0.6134533968572546,-4.5813953488372094,nan
30.0,30.0,0,0.6134533968572546,-4.441860465116279,nan
30.0,30.0,0,0.6134533968572546,-4.3023255813953485,nan
30.0,30.0,0,0.6134533968572546,-4.162790697674419,nan
30.0,30.0,0,0.6134533968572546,-4.023255813953488,0.0
30.0,30.0,0,0.6134533968572546,-3.883720930232558,0.0
30.0,30.0,0,0.6134533968572546,-3.744186046511628,0.0
30.0,30.0,0,0.6134533968572546,-3.604651162790698,0.0
30.0,30.0,0,0.6134533968572546,-3.4651162790697674,0.0
30.0,30.0,0,0.6134533968572546,-3.3255813953488373,0.0
30.0,30.0,0,0.6134533968572546,-3.1860465116279073,0.0
30.0,30.0,0,0.6134533968572546,-3.046511627906977,0.0
30.0,30.0,0,0.6134533968572546,-2.9069767441860463,0.0
30.0,30.0,0,0.6134533968572546,-2.7674418604651163,0.0
30.0,30.0,0,0.6134533968572546,-2.6279069767441863,0.0
30.0,30.0,0,0.6134533968572546,-2.488372093023256,0.0
30.0,30.0,0,0.6134533968572546,-2.3488372093023258,0.0
30.0,30.0,0,0.6134533968572546,-2.2093023255813953,0.0
30.0,30.0,0,0.6134533968572546,-2.0697674418604652,0.0
30.0,30.0,0,0.6134533968572546,-1.9302325581395348,0.0
30.0,30.0,0,0.6134533968572546,-1.7906976744186047,0.0
30.0,30.0,0,0.6134533968572546,-1.6511627906976747,0.0
30.0,30.0,0,0.6134533968572546,-1.5116279069767442,0.0
30.0,30.0,0,0.6134533968572546,-1.3720930232558142,0.0
30.0,30.0,0,0.6134533968572546,-1.2325581395348837,0.0
30.0,30.0,0,0.6134533968572546,-1.0930232558139537,0.0
30.0,30.0,0,0.6134533968572546,-0.9534883720930232,0.0
30.0,30.0,0,0.6134533968572546,-0.8139534883720927,0.0
30.0,30.0,0,0.6134533968572546,-0.6744186046511631,0.0
30.0,30.0,0,0.6134533968572546,-0.5348837209302326,0.0
30.0,30.0,0,0.6134533968572546,-0.39534883720930214,0.0
30.0,30.0,0,0.6134533968572546,-0.25581395348837255,0.0
30.0,30.0,0,0.6134533968572546,-0.11627906976744207,0.0
30.0,30.0,0,0.6134533968572546,0.0,0.0
30.0,30.0,0,0.6134533968572546,0.1627906976744189,0.0
30.0,30.0,0,0.6134533968572546,0.3023255813953485,0.0
30.0,30.0,0,0.6134533968572546,0.44186046511627897,1.2297012290218845e-05
30.0,30.0,0,0.6134533968572546,0.5813953488372094,1.1588850611587986e-05
30.0,30.0,0,0.6134533968572546,0.720930232558139,1.090081968868617e-05
30.0,30.0,0,0.6134533968572546,0.8604651162790695,3.846502295345999e-05
30.0,30.0,0,0.6134533968572546,1.0,0.00013659762043971568
30.0,30.0,0,0.6134533968572546,1.1395348837209305,0.0008880498935468495
30.0,30.0,0,0.6134533968572546,1.27906976744186,0.006012510973960161
30.0,30.0,0,0.6134533968572546,1.4186046511627906,0.03582914173603058
30.0,30.0,0,0.6134533968572546,1.558139534883721,0.11293570697307587
30.0,30.0,0,0.6134533968572546,1.6976744186046506,0.17027521133422852
30.0,30.0,0,0.6134533968572546,1.837209302325581,0.24302881956100464
30.0,30.0,0,0.6134533968572546,1.9767441860465116,0.37492260336875916
30.0,30.0,0,0.6134533968572546,2.116279069767442,0.451436311006546
30.0,30.0,0,0.6134533968572546,2.2558139534883717,0.4146290719509125
30.0,30.0,0,0.6134533968572546,2.395348837209302,0.38279375433921814
30.0,30.0,0,0.6134533968572546,2.5348837209302326,0.449658066034317
30.0,30.0,0,0.6134533968572546,2.674418604651163,0.5092604756355286
30.0,30.0,0,0.6134533968572546,2.8139534883720927,0.4057804346084595
30.0,30.0,0,0.6134533968572546,2.953488372093023,0.24742160737514496
30.0,30.0,0,0.6134533968572546,3.0930232558139537,0.25175127387046814
30.0,30.0,0,0.6134533968572546,3.232558139534884,0.3294639587402344
30.0,30.0,0,0.6134533968572546,3.3720930232558146,0.3913738429546356
30.0,30.0,0,0.6134533968572546,3.5116279069767433,0.28194206953048706
30.0,30.0,0,0.6134533968572546,3.651162790697674,0.11006970703601837
30.0,30.0,0,0.6134533968572546,3.7906976744186043,0.04220392927527428
30.0,30.0,0,0.6134533968572546,3.9302325581395348,0.02519749291241169
30.0,30.0,0,0.6134533968572546,4.069767441860465,0.02209436148405075
30.0,30.0,0,0.6134533968572546,4.209302325581396,0.023826749995350838
30.0,30.0,0,0.6134533968572546,4.348837209302326,0.028187071904540062
30.0,30.0,0,0.6134533968572546,4.488372093023255,0.03395087271928787
30.0,30.0,0,0.6134533968572546,4.627906976744185,0.040215153247117996
30.0,30.0,0,0.6134533968572546,4.767441860465116,0.046105384826660156
30.0,30.0,0,0.6134533968572546,4.906976744186046,0.05088518559932709
30.0,30.0,0,0.6134533968572546,5.046511627906977,0.05465114116668701
30.0,30.0,0,0.6134533968572546,5.186046511627907,0.057927727699279785
30.0,30.0,0,0.6134533968572546,5.325581395348838,0.06064704805612564
30.0,30.0,0,0.6134533968572546,5.4651162790697665,0.06283354014158249
30.0,30.0,0,0.6134533968572546,5.604651162790697,0.0638529360294342
30.0,30.0,0,0.6134533968572546,5.7441860465116275,0.06388144195079803
30.0,30.0,0,0.6134533968572546,5.883720930232558,0.06639475375413895
30.0,30.0,0,0.6134533968572546,6.023255813953488,0.0779760479927063
30.0,30.0,0,0.6134533968572546,6.162790697674419,0.10748600959777832
30.0,30.0,0,0.6134533968572546,6.302325581395349,0.16237983107566833
30.0,30.0,0,0.6134533968572546,6.441860465116278,0.24561896920204163
30.0,30.0,0,0.6134533968572546,6.581395348837209,0.3488207757472992
30.0,30.0,0,0.6134533968572546,6.720930232558139,0.45346736907958984
30.0,30.0,0,0.6134533968572546,6.8604651162790695,0.5463330745697021
30.0,30.0,0,0.6134533968572546,7.0,0.6226629614830017
30.0,30.0,0,0.6134533968572546,7.571428571428571,0.8286401033401489
30.0,30.0,0,0.6134533968572546,8.142857142857142,0.8476368188858032
30.0,30.0,0,0.6134533968572546,8.714285714285714,0.8236191272735596
30.0,30.0,0,0.6134533968572546,9.285714285714285,0.7651883959770203
30.0,30.0,0,0.6134533968572546,9.857142857142858,0.6662327647209167
30.0,30.0,0,0.6134533968572546,10.428571428571429,0.6182290315628052
30.0,30.0,0,0.6134533968572546,11.0,0.7064915299415588
30.0,30.0,0,0.6134533968572546,11.571428571428571,0.7794472575187683
30.0,30.0,0,0.6134533968572546,12.142857142857142,0.815751314163208
30.0,30.0,0,0.6134533968572546,12.714285714285714,0.8353648781776428
30.0,30.0,0,0.6134533968572546,13.285714285714285,0.8312698006629944
30.0,30.0,0,0.6134533968572546,13.857142857142858,0.834473729133606
30.0,30.0,0,0.6134533968572546,14.428571428571427,0.8316335678100586
30.0,30.0,0,0.6134533968572546,15.474341649025257,0.8720719814300537
30.0,30.0,0,0.6134533968572546,16.341640786499873,0.9045366048812866
30.0,30.0,0,0.6134533968572546,17.464751508773247,0.9378223419189453
30.0,30.0,0,0.6134533968572546,18.794733192202056,0.9568569660186768
30.0,30.0,0,0.6134533968572546,20.303300858899107,0.9686449766159058
30.0,30.0,0,0.6134533968572546,21.97137002317335,0.9740374684333801
30.0,30.0,0,0.6134533968572546,23.784930278607796,0.9770410060882568
30.0,30.0,0,0.6134533968572546,25.733126291998992,0.9773737788200378
30.0,30.0,0,0.6134533968572546,27.80722452368194,0.9788548946380615
30.0,30.0,0,0.6134533968572546,30.0,0.9778167009353638
30.0,30.0,1,0.7728751856900854,-12.0,nan
30.0,30.0,1,0.7728751856900854,-11.3,nan
30.0,30.0,1,0.7728751856900854,-10.6,nan
30.0,30.0,1,0.7728751856900854,-9.9,nan
30.0,30.0,1,0.7728751856900854,-9.2,nan
30.0,30.0,1,0.7728751856900854,-8.5,nan
30.0,30.0,1,0.7728751856900854,-7.800000000000001,nan
30.0,30.0,1,0.7728751856900854,-7.1000000000000005,nan
30.0,30.0,1,0.7728751856900854,-6.4,nan
30.0,30.0,1,0.7728751856900854,-5.7,0.0
30.0,30.0,1,0.7728751856900854,-5.0,0.0
30.0,30.0,1,0.7728751856900854,-4.8604651162790695,0.0
30.0,30.0,1,0.7728751856900854,-4.72093023255814,0.0
30.0,30.0,1,0.7728751856900854,-4.5813953488372094,0.0
30.0,30.0,1,0.7728751856900854,-4.441860465116279,0.0
30.0,30.0,1,0.7728751856900854,-4.3023255813953485,0.0
30.0,30.0,1,0.7728751856900854,-4.162790697674419,0.0
30.0,30.0,1,0.7728751856900854,-4.023255813953488,0.0
30.0,30.0,1,0.7728751856900854,-3.883720930232558,0.0
30.0,30.0,1,0.7728751856900854,-3.744186046511628,0.0
30.0,30.0,1,0.7728751856900854,-3.604651162790698,0.0
30.0,30.0,1,0.7728751856900854,-3.4651162790697674,0.0
30.0,30.0,1,0.7728751856900854,-3.3255813953488373,0.0
30.0,30.0,1,0.7728751856900854,-3.1860465116279073,0.0
30.0,30.0,1,0.7728751856900854,-3.046511627906977,0.0
30.0,30.0,1,0.7728751856900854,-2.9069767441860463,0.0
30.0,30.0,1,0.7728751856900854,-2.7674418604651163,0.0
30.0,30.0,1,0.7728751856900854,-2.6279069767441863,0.0
30.0,30.0,1,0.7728751856900854,-2.488372093023256,0.0
30.0,30.0,1,0.7728751856900854,-2.3488372093023258,0.0
30.0,30.0,1,0.7728751856900854,-2.2093023255813953,0.0
30.0,30.0,1,0.7728751856900854,-2.0697674418604652,0.0
30.0,30.0,1,0.7728751856900854,-1.9302325581395348,0.0
30.0,30.0,1,0.7728751856900854,-1.7906976744186047,0.0
30.0,30.0,1,0.7728751856900854,-1.6511627906976747,0.0
30.0,30.0,1,0.7728751856900854,-1.5116279069767442,0.0
30.0,30.0,1,0.7728751856900854,-1.3720930232558142,0.0
30.0,30.0,1,0.7728751856900854,-1.2325581395348837,0.0
30.0,30.0,1,0.7728751856900854,-1.0930232558139537,0.0
30.0,30.0,1,0.7728751856900854,-0.9534883720930232,0.0
30.0,30.0,1,0.7728751856900854,-0.8139534883720927,0.0
30.0,30.0,1,0.7728751856900854,-0.6744186046511631,0.0
30.0,30.0,1,0.7728751856900854,-0.5348837209302326,0.0
30.0,30.0,1,0.7728751856900854,-0.39534883720930214,0.0
30.0,30.0,1,0.7728751856900854,-0.25581395348837255,0.0
30.0,30.0,1,0.7728751856900854,-0.11627906976744207,0.0
30.0,30.0,1,0.7728751856900854,0.0,0.0
30.0,30.0,1,0.7728751856900854,0.1627906976744189,0.0
30.0,30.0,1,0.7728751856900854,0.3023255813953485,0.0
30.0,30.0,1,0.7728751856900854,0.44186046511627897,5.621665422950173e-06
30.0,30.0,1,0.7728751856900854,0.5813953488372094,4.9419718379795086e-06
30.0,30.0,1,0.7728751856900854,0.720930232558139,0.21294033527374268
30.0,30.0,1,0.7728751856900854,0.8604651162790695,0.22433161735534668
30.0,30.0,1,0.7728751856900854,1.0,0.24976244568824768
30.0,30.0,1,0.7728751856900854,1.1395348837209305,0.3288213908672333
30.0,30.0,1,0.7728751856900854,1.27906976744186,0.20766539871692657
30.0,30.0,1,0.7728751856900854,1.4186046511627906,0.051613494753837585
30.0,30.0,1,0.7728751856900854,1.558139534883721,0.02724541164934635
30.0,30.0,1,0.7728751856900854,1.6976744186046506,0.019211994484066963
30.0,30.0,1,0.7728751856900854,1.837209302325581,0.00863486435264349
30.0,30.0,1,0.7728751856900854,1.9767441860465116,0.004455131012946367
30.0,30.0,1,0.7728751856900854,2.116279069767442,0.005293112248182297
30.0,30.0,1,0.7728751856900854,2.2558139534883717,0.009260226972401142
30.0,30.0,1,0.7728751856900854,2.395348837209302,0.012140274047851562
30.0,30.0,1,0.7728751856900854,2.5348837209302326,0.0035284883342683315
30.0,30.0,1,0.7728751856900854,2.674418604651163,0.0028882515616714954
30.0,30.0,1,0.7728751856900854,2.8139534883720927,0.004483087919652462
30.0,30.0,1,0.7728751856900854,2.953488372093023,0.011035019531846046
30.0,30.0,1,0.7728751856900854,3.0930232558139537,0.018282385542988777
30.0,30.0,1,0.7728751856900854,3.232558139534884,0.02799130603671074
30.0,30.0,1,0.7728751856900854,3.3720930232558146,0.03490925207734108
30.0,30.0,1,0.7728751856900854,3.5116279069767433,0.03413594886660576
30.0,30.0,1,0.7728751856900854,3.651162790697674,0.031667519360780716
30.0,30.0,1,0.7728751856900854,3.7906976744186043,0.03108084201812744
30.0,30.0,1,0.7728751856900854,3.9302325581395348,0.03539825975894928
30.0,30.0,1,0.7728751856900854,4.069767441860465,0.049075789749622345
30.0,30.0,1,0.7728751856900854,4.209302325581396,0.07899900525808334
30.0,30.0,1,0.7728751856900854,4.348837209302326,0.13224999606609344
30.0,30.0,1,0.7728751856900854,4.488372093023255,0.21023383736610413
30.0,30.0,1,0.7728751856900854,4.627906976744185,0.2915298342704773
30.0,30.0,1,0.7728751856900854,4.767441860465116,0.3881247341632843
30.0,30.0,1,0.7728751856900854,4.906976744186046,0.4729728698730469
30.0,30.0,1,0.7728751856900854,5.046511627906977,0.5462841391563416
30.0,30.0,1,0.7728751856900854,5.186046511627907,0.6071334481239319
30.0,30.0,1,0.7728751856900854,5.325581395348838,0.6545599699020386
30.0,30.0,1,0.7728751856900854,5.4651162790697665,0.6902895569801331
30.0,30.0,1,0.7728751856900854,5.604651162790697,0.717000424861908
30.0,30.0,1,0.7728751856900854,5.7441860465116275,0.7366562485694885
30.0,30.0,1,0.7728751856900854,5.883720930232558,0.7505712509155273
30.0,30.0,1,0.7728751856900854,6.023255813953488,0.7602789998054504
30.0,30.0,1,0.7728751856900854,6.162790697674419,0.7666147947311401
30.0,30.0,1,0.7728751856900854,6.302325581395349,0.7694896459579468
30.0,30.0,1,0.7728751856900854,6.441860465116278,0.7685976028442383
30.0,30.0,1,0.7728751856900854,6.581395348837209,0.7653095722198486
30.0,30.0,1,0.7728751856900854,6.720930232558139,0.760539174079895
30.0,30.0,1,0.7728751856900854,6.8604651162790695,0.7508674263954163
30.0,30.0,1,0.7728751856900854,7.0,0.7389062643051147
30.0,30.0,1,0.7728751856900854,7.571428571428571,0.6466143131256104
30.0,30.0,1,0.7728751856900854,8.142857142857142,0.5719844698905945
30.0,30.0,1,0.7728751856900854,8.714285714285714,0.6218746304512024
30.0,30.0,1,0.7728751856900854,9.285714285714285,0.7074552178382874
30.0,30.0,1,0.7728751856900854,9.857142857142858,0.7722025513648987
30.0,30.0,1,0.7728751856900854,10.428571428571429,0.8103726506233215
30.0,30.0,1,0.7728751856900854,11.0,0.828815758228302
30.0,30.0,1,0.7728751856900854,11.571428571428571,0.8349959850311279
30.0,30.0,1,0.7728751856900854,12.142857142857142,0.8340041041374207
30.0,30.0,1,0.7728751856900854,12.714285714285714,0.8358682990074158
30.0,30.0,1,0.7728751856900854,13.285714285714285,0.8496769666671753
30.0,30.0,1,0.7728751856900854,13.857142857142858,0.8764241933822632
30.0,30.0,1,0.7728751856900854,14.428571428571427,0.9028302431106567
30.0,30.0,1,0.7728751856900854,15.474341649025257,0.9318138957023621
30.0,30.0,1,0.7728751856900854,16.341640786499873,0.9470572471618652
30.0,30.0,1,0.7728751856900854,17.464751508773247,0.9594332575798035
30.0,30.0,1,0.7728751856900854,18.794733192202056,0.9676638245582581
30.0,30.0,1,0.7728751856900854,20.303300858899107,0.9733421206474304
30.0,30.0,1,0.7728751856900854,21.97137002317335,0.9764661192893982
30.0,30.0,1,0.7728751856900854,23.784930278607796,0.9774379134178162
30.0,30.0,1,0.7728751856900854,25.733126291998992,0.9776451587677002
30.0,30.0,1,0.7728751856900854,27.80722452368194,0.9783845543861389
30.0,30.0,1,0.7728751856900854,30.0,0.9775363206863403
30.0,30.0,2,0.9737268645273782,-12.0,nan
30.0,30.0,2,0.9737268645273782,-11.3,nan
30.0,30.0,2,0.9737268645273782,-10.6,nan
30.0,30.0,2,0.9737268645273782,-9.9,nan
30.0,30.0,2,0.9737268645273782,-9.2,nan
30.0,30.0,2,0.9737268645273782,-8.5,nan
30.0,30.0,2,0.9737268645273782,-7.800000000000001,0.0
30.0,30.0,2,0.9737268645273782,-7.1000000000000005,0.0
30.0,30.0,2,0.9737268645273782,-6.4,0.0
30.0,30.0,2,0.9737268645273782,-5.7,0.0
30.0,30.0,2,0.9737268645273782,-5.0,0.0
30.0,30.0,2,0.9737268645273782,-4.8604651162790695,0.0
30.0,30.0,2,0.9737268645273782,-4.72093023255814,0.0
30.0,30.0,2,0.9737268645273782,-4.5813953488372094,0.0
30.0,30.0,2,0.9737268645273782,-4.441860465116279,0.0
30.0,30.0,2,0.9737268645273782,-4.3023255813953485,0.0
30.0,30.0,2,0.9737268645273782,-4.162790697674419,0.0
30.0,30.0,2,0.9737268645273782,-4.023255813953488,0.0
30.0,30.0,2,0.9737268645273782,-3.883720930232558,0.0
30.0,30.0,2,0.9737268645273782,-3.744186046511628,0.0
30.0,30.0,2,0.9737268645273782,-3.604651162790698,0.0
30.0,30.0,2,0.9737268645273782,-3.4651162790697674,0.0
30.0,30.0,2,0.9737268645273782,-3.3255813953488373,0.0
30.0,30.0,2,0.9737268645273782,-3.1860465116279073,0.0
30.0,30.0,2,0.9737268645273782,-3.046511627906977,0.0
30.0,30.0,2,0.9737268645273782,-2.9069767441860463,0.0
30.0,30.0,2,0.9737268645273782,-2.7674418604651163,0.0
30.0,30.0,2,0.9737268645273782,-2.6279069767441863,0.0
30.0,30.0,2,0.9737268645273782,-2.488372093023256,0.0
30.0,30.0,2,0.9737268645273782,-2.3488372093023258,0.0
30.0,30.0,2,0.9737268645273782,-2.2093023255813953,0.0
30.0,30.0,2,0.9737268645273782,-2.0697674418604652,0.0
30.0,30.0,2,0.9737268645273782,-1.9302325581395348,0.0
30.0,30.0,2,0.9737268645273782,-1.7906976744186047,0.0
30.0,30.0,2,0.9737268645273782,-1.6511627906976747,0.0
30.0,30.0,2,0.9737268645273782,-1.5116279069767442,0.0
30.0,30.0,2,0.9737268645273782,-1.3720930232558142,0.0
30.0,30.0,2,0.9737268645273782,-1.2325581395348837,0.0
30.0,30.0,2,0.9737268645273782,-1.0930232558139537,0.0
30.0,30.0,2,0.9737268645273782,-0.9534883720930232,0.0
30.0,30.0,2,0.9737268645273782,-0.8139534883720927,0.0
30.0,30.0,2,0.9737268645273782,-0.6744186046511631,0.0
30.0,30.0,2,0.9737268645273782,-0.5348837209302326,0.0
30.0,30.0,2,0.9737268645273782,-0.39534883720930214,0.0
30.0,30.0,2,0.9737268645273782,-0.25581395348837255,0.0
30.0,30.0,2,0.9737268645273782,-0.11627906976744207,0.0
30.0,30.0,2,0.9737268645273782,0.0,0.0
30.0,30.0,2,0.9737268645273782,0.1627906976744189,0.0
30.0,30.0,2,0.9737268645273782,0.3023255813953485,0.0
30.0,30.0,2,0.9737268645273782,0.44186046511627897,2.6839368274522712e-06
30.0,30.0,2,0.9737268645273782,0.5813953488372094,2.646851044119103e-06
30.0,30.0,2,0.9737268645273782,0.720930232558139,0.03732336685061455
30.0,30.0,2,0.9737268645273782,0.8604651162790695,0.038659125566482544
30.0,30.0,2,0.9737268645273782,1.0,0.03792635723948479
30.0,30.0,2,0.9737268645273782,1.1395348837209305,0.004390967544168234
30.0,30.0,2,0.9737268645273782,1.27906976744186,0.00018902262672781944
30.0,30.0,2,0.9737268645273782,1.4186046511627906,0.0004680462589021772
30.0,30.0,2,0.9737268645273782,1.558139534883721,0.0022567498963326216
30.0,30.0,2,0.9737268645273782,1.6976744186046506,0.004405268467962742
30.0,30.0,2,0.9737268645273782,1.837209302325581,0.007458111271262169
30.0,30.0,2,0.9737268645273782,1.9767441860465116,0.012757246382534504
30.0,30.0,2,0.9737268645273782,2.116279069767442,0.014791636727750301
30.0,30.0,2,0.9737268645273782,2.2558139534883717,0.01951736956834793
30.0,30.0,2,0.9737268645273782,2.395348837209302,0.04176365211606026
30.0,30.0,2,0.9737268645273782,2.5348837209302326,0.09206977486610413
30.0,30.0,2,0.9737268645273782,2.674418604651163,0.16499221324920654
30.0,30.0,2,0.9737268645273782,2.8139534883720927,0.2545241117477417
30.0,30.0,2,0.9737268645273782,2.953488372093023,0.3584904372692108
30.0,30.0,2,0.9737268645273782,3.0930232558139537,0.4508935809135437
30.0,30.0,2,0.9737268645273782,3.232558139534884,0.5239205956459045
30.0,30.0,2,0.9737268645273782,3.3720930232558146,0.5822287797927856
30.0,30.0,2,0.9737268645273782,3.5116279069767433,0.6293107271194458
30.0,30.0,2,0.9737268645273782,3.651162790697674,0.6624380350112915
30.0,30.0,2,0.9737268645273782,3.7906976744186043,0.6827739477157593
30.0,30.0,2,0.9737268645273782,3.9302325581395348,0.6936449408531189
30.0,30.0,2,0.9737268645273782,4.069767441860465,0.6968966126441956
30.0,30.0,2,0.9737268645273782,4.209302325581396,0.693863034248352
30.0,30.0,2,0.9737268645273782,4.348837209302326,0.6869876384735107
30.0,30.0,2,0.9737268645273782,4.488372093023255,0.6763858199119568
30.0,30.0,2,0.9737268645273782,4.627906976744185,0.6579744815826416
30.0,30.0,2,0.9737268645273782,4.767441860465116,0.6387693881988525
30.0,30.0,2,0.9737268645273782,4.906976744186046,0.6164418458938599
30.0,30.0,2,0.9737268645273782,5.046511627906977,0.5920192003250122
30.0,30.0,2,0.9737268645273782,5.186046511627907,0.567036509513855
30.0,30.0,2,0.9737268645273782,5.325581395348838,0.5438937544822693
30.0,30.0,2,0.9737268645273782,5.4651162790697665,0.5253837704658508
30.0,30.0,2,0.9737268645273782,5.604651162790697,0.5131786465644836
30.0,30.0,2,0.9737268645273782,5.7441860465116275,0.5118384957313538
30.0,30.0,2,0.9737268645273782,5.883720930232558,0.5188727378845215
30.0,30.0,2,0.9737268645273782,6.023255813953488,0.5329541563987732
30.0,30.0,2,0.9737268645273782,6.162790697674419,0.5478135347366333
30.0,30.0,2,0.9737268645273782,6.302325581395349,0.5704824328422546
30.0,30.0,2,0.9737268645273782,6.441860465116278,0.5994166135787964
30.0,30.0,2,0.9737268645273782,6.581395348837209,0.6267837285995483
30.0,30.0,2,0.9737268645273782,6.720930232558139,0.6716179251670837
30.0,30.0,2,0.9737268645273782,6.8604651162790695,0.7058978080749512
30.0,30.0,2,0.9737268645273782,7.0,0.7236233353614807
30.0,30.0,2,0.9737268645273782,7.571428571428571,0.7892672419548035
30.0,30.0,2,0.9737268645273782,8.142857142857142,0.8233110308647156
30.0,30.0,2,0.9737268645273782,8.714285714285714,0.8353670835494995
30.0,30.0,2,0.9737268645273782,9.285714285714285,0.8337963819503784
30.0,30.0,2,0.9737268645273782,9.857142857142858,0.8293768763542175
30.0,30.0,2,0.9737268645273782,10.428571428571429,0.8368038535118103
30.0,30.0,2,0.9737268645273782,11.0,0.8603233695030212
30.0,30.0,2,0.9737268645273782,11.571428571428571,0.8885070085525513
30.0,30.0,2,0.9737268645273782,12.142857142857142,0.9123080372810364
30.0,30.0,2,0.9737268645273782,12.714285714285714,0.9294591546058655
30.0,30.0,2,0.9737268645273782,13.285714285714285,0.9412174820899963
30.0,30.0,2,0.9737268645273782,13.857142857142858,0.9497501850128174
30.0,30.0,2,0.9737268645273782,14.428571428571427,0.9575024843215942
30.0,30.0,2,0.9737268645273782,15.474341649025257,0.9631218314170837
30.0,30.0,2,0.9737268645273782,16.341640786499873,0.9672127366065979
30.0,30.0,2,0.9737268645273782,17.464751508773247,0.9702569246292114
30.0,30.0,2,0.9737268645273782,18.794733192202056,0.9726619720458984
30.0,30.0,2,0.9737268645273782,20.303300858899107,0.9747798442840576
30.0,30.0,2,0.9737268645273782,21.97137002317335,0.9764922261238098
30.0,30.0,2,0.9737268645273782,23.784930278607796,0.9772681593894958
30.0,30.0,2,0.9737268645273782,25.733126291998992,0.9774344563484192
30.0,30.0,2,0.9737268645273782,27.80722452368194,0.9775767922401428
30.0,30.0,2,0.9737268645273782,30.0,0.9769507646560669
30.0,30.0,3,1.2267750656993077,-12.0,nan
30.0,30.0,3,1.2267750656993077,-11.3,nan
30.0,30.0,3,1.2267750656993077,-10.6,nan
30.0,30.0,3,1.2267750656993077,-9.9,0.0
30.0,30.0,3,1.2267750656993077,-9.2,0.0
30.0,30.0,3,1.2267750656993077,-8.5,0.0
30.0,30.0,3,1.2267750656993077,-7.800000000000001,0.0
30.0,30.0,3,1.2267750656993077,-7.1000000000000005,0.0
30.0,30.0,3,1.2267750656993077,-6.4,0.0
30.0,30.0,3,1.2267750656993077,-5.7,0.0
30.0,30.0,3,1.2267750656993077,-5.0,0.0
30.0,30.0,3,1.2267750656993077,-4.8604651162790695,0.0
30.0,30.0,3,1.2267750656993077,-4.72093023255814,0.0
30.0,30.0,3,1.2267750656993077,-4.5813953488372094,0.0
30.0,30.0,3,1.2267750656993077,-4.441860465116279,0.0
30.0,30.0,3,1.2267750656993077,-4.3023255813953485,0.0
30.0,30.0,3,1.2267750656993077,-4.162790697674419,0.0
30.0,30.0,3,1.2267750656993077,-4.023255813953488,0.0
30.0,30.0,3,1.2267750656993077,-3.883720930232558,0.0
30.0,30.0,3,1.2267750656993077,-3.744186046511628,0.0
30.0,30.0,3,1.2267750656993077,-3.604651162790698,0.0
30.0,30.0,3,1.2267750656993077,-3.4651162790697674,0.0
30.0,30.0,3,1.2267750656993077,-3.3255813953488373,0.0
30.0,30.0,3,1.2267750656993077,-3.1860465116279073,0.0
30.0,30.0,3,1.2267750656993077,-3.046511627906977,0.0
30.0,30.0,3,1.2267750656993077,-2.9069767441860463,0.0
30.0,30.0,3,1.2267750656993077,-2.7674418604651163,0.0
30.0,30.0,3,1.2267750656993077,-2.6279069767441863,0.0
30.0,30.0,3,1.2267750656993077,-2.488372093023256,0.0
30.0,30.0,3,1.2267750656993077,-2.3488372093023258,0.0
30.0,30.0,3,1.2267750656993077,-2.2093023255813953,0.0
30.0,30.0,3,1.2267750656993077,-2.0697674418604652,0.0
30.0,30.0,3,1.2267750656993077,-1.9302325581395348,0.0
30.0,30.0,3,1.2267750656993077,-1.7906976744186047,0.0
30.0,30.0,3,1.2267750656993077,-1.6511627906976747,0.0
30.0,30.0,3,1.2267750656993077,-1.5116279069767442,0.0
30.0,30.0,3,1.2267750656993077,-1.3720930232558142,0.0
30.0,30.0,3,1.2267750656993077,-1.2325581395348837,0.0
30.0,30.0,3,1.2267750656993077,-1.0930232558139537,0.0
30.0,30.0,3,1.2267750656993077,-0.9534883720930232,0.0
30.0,30.0,3,1.2267750656993077,-0.8139534883720927,0.0
30.0,30.0,3,1.2267750656993077,-0.6744186046511631,0.0
30.0,30.0,3,1.2267750656993077,-0.5348837209302326,0.0
30.0,30.0,3,1.2267750656993077,-0.39534883720930214,0.0
30.0,30.0,3,1.2267750656993077,-0.25581395348837255,0.0
30.0,30.0,3,1.2267750656993077,-0.11627906976744207,0.0
30.0,30.0,3,1.2267750656993077,0.0,0.0
30.0,30.0,3,1.2267750656993077,0.1627906976744189,0.0
30.0,30.0,3,1.2267750656993077,0.3023255813953485,0.0
30.0,30.0,3,1.2267750656993077,0.44186046511627897,1.0416990789963165e-06
30.0,30.0,3,1.2267750656993077,0.5813953488372094,9.799290410228423e-07
30.0,30.0,3,1.2267750656993077,0.720930232558139,0.0073435488156974316
30.0,30.0,3,1.2267750656993077,0.8604651162790695,0.005973535589873791
30.0,30.0,3,1.2267750656993077,1.0,0.04165755957365036
30.0,30.0,3,1.2267750656993077,1.1395348837209305,0.08524962514638901
30.0,30.0,3,1.2267750656993077,1.27906976744186,0.15713351964950562
30.0,30.0,3,1.2267750656993077,1.4186046511627906,0.21336649358272552
30.0,30.0,3,1.2267750656993077,1.558139534883721,0.27240872383117676
30.0,30.0,3,1.2267750656993077,1.6976744186046506,0.325153112411499
30.0,30.0,3,1.2267750656993077,1.837209302325581,0.3646014928817749
30.0,30.0,3,1.2267750656993077,1.9767441860465116,0.3964034914970398
30.0,30.0,3,1.2267750656993077,2.116279069767442,0.40949785709381104
30.0,30.0,3,1.2267750656993077,2.2558139534883717,0.4120357036590576
30.0,30.0,3,1.2267750656993077,2.395348837209302,0.41074004769325256
30.0,30.0,3,1.2267750656993077,2.5348837209302326,0.41130122542381287
30.0,30.0,3,1.2267750656993077,2.674418604651163,0.4164356291294098
30.0,30.0,3,1.2267750656993077,2.8139534883720927,0.4269128739833832
30.0,30.0,3,1.2267750656993077,2.953488372093023,0.4428478181362152
30.0,30.0,3,1.2267750656993077,3.0930232558139537,0.4639553725719452
30.0,30.0,3,1.2267750656993077,3.232558139534884,0.48934945464134216
30.0,30.0,3,1.2267750656993077,3.3720930232558146,0.5176680088043213
30.0,30.0,3,1.2267750656993077,3.5116279069767433,0.5474952459335327
30.0,30.0,3,1.2267750656993077,3.651162790697674,0.5782992839813232
30.0,30.0,3,1.2267750656993077,3.7906976744186043,0.6077194213867188
30.0,30.0,3,1.2267750656993077,3.9302325581395348,0.6359642148017883
30.0,30.0,3,1.2267750656993077,4.069767441860465,0.6626253724098206
30.0,30.0,3,1.2267750656993077,4.209302325581396,0.6868847012519836
30.0,30.0,3,1.2267750656993077,4.348837209302326,0.7088370323181152
30.0,30.0,3,1.2267750656993077,4.488372093023255,0.7280129194259644
30.0,30.0,3,1.2267750656993077,4.627906976744185,0.744755744934082
30.0,30.0,3,1.2267750656993077,4.767441860465116,0.7591858506202698
30.0,30.0,3,1.2267750656993077,4.906976744186046,0.7705273032188416
30.0,30.0,3,1.2267750656993077,5.046511627906977,0.7789264917373657
30.0,30.0,3,1.2267750656993077,5.186046511627907,0.7861223220825195
30.0,30.0,3,1.2267750656993077,5.325581395348838,0.7920719981193542
30.0,30.0,3,1.2267750656993077,5.4651162790697665,0.7959007620811462
30.0,30.0,3,1.2267750656993077,5.604651162790697,0.7978153228759766
30.0,30.0,3,1.2267750656993077,5.7441860465116275,0.798376739025116
30.0,30.0,3,1.2267750656993077,5.883720930232558,0.7990649342536926
30.0,30.0,3,1.2267750656993077,6.023255813953488,0.7997382879257202
30.0,30.0,3,1.2267750656993077,6.162790697674419,0.8013213872909546
30.0,30.0,3,1.2267750656993077,6.302325581395349,0.8077890872955322
30.0,30.0,3,1.2267750656993077,6.441860465116278,0.8078948855400085
30.0,30.0,3,1.2267750656993077,6.581395348837209,0.8022818565368652
30.0,30.0,3,1.2267750656993077,6.720930232558139,0.7971552610397339
30.0,30.0,3,1.2267750656993077,6.8604651162790695,0.8060329556465149
30.0,30.0,3,1.2267750656993077,7.0,0.8098053932189941
30.0,30.0,3,1.2267750656993077,7.571428571428571,0.8284674882888794
30.0,30.0,3,1.2267750656993077,8.142857142857142,0.8594173789024353
30.0,30.0,3,1.2267750656993077,8.714285714285714,0.8905061483383179
30.0,30.0,3,1.2267750656993077,9.285714285714285,0.9146255254745483
30.0,30.0,3,1.2267750656993077,9.857142857142858,0.9312880039215088
30.0,30.0,3,1.2267750656993077,10.428571428571429,0.942703127861023
30.0,30.0,3,1.2267750656993077,11.0,0.9507429599761963
30.0,30.0,3,1.2267750656993077,11.571428571428571,0.9566399455070496
30.0,30.0,3,1.2267750656993077,12.142857142857142,0.9609079360961914
30.0,30.0,3,1.2267750656993077,12.714285714285714,0.9642162322998047
30.0,30.0,3,1.2267750656993077,13.285714285714285,0.9666770696640015
30.0,30.0,3,1.2267750656993077,13.857142857142858,0.9687315225601196
30.0,30.0,3,1.2267750656993077,14.428571428571427,0.9723308086395264
30.0,30.0,3,1.2267750656993077,15.474341649025257,0.973118245601654
30.0,30.0,3,1.2267750656993077,16.341640786499873,0.9754851460456848
30.0,30.0,3,1.2267750656993077,17.464751508773247,0.9770094752311707
30.0,30.0,3,1.2267750656993077,18.794733192202056,0.9776941537857056
30.0,30.0,3,1.2267750656993077,20.303300858899107,0.9780839085578918
30.0,30.0,3,1.2267750656993077,21.97137002317335,0.9777393341064453
30.0,30.0,3,1.2267750656993077,23.784930278607796,0.9773911237716675
30.0,30.0,3,1.2267750656993077,25.733126291998992,0.976664662361145
30.0,30.0,3,1.2267750656993077,27.80722452368194,0.9760295152664185
30.0,30.0,3,1.2267750656993077,30.0,0.9754056930541992
30.0,30.0,4,1.5455844104209013,-12.0,0.0
30.0,30.0,4,1.5455844104209013,-11.3,0.0
30.0,30.0,4,1.5455844104209013,-10.6,0.0
30.0,30.0,4,1.5455844104209013,-9.9,0.0
30.0,30.0,4,1.5455844104209013,-9.2,0.0
30.0,30.0,4,1.5455844104209013,-8.5,0.0
30.0,30.0,4,1.5455844104209013,-7.800000000000001,0.0
30.0,30.0,4,1.5455844104209013,-7.1000000000000005,0.0
30.0,30.0,4,1.5455844104209013,-6.4,0.0
30.0,30.0,4,1.5455844104209013,-5.7,0.0
30.0,30.0,4,1.5455844104209013,-5.0,0.0
30.0,30.0,4,1.5455844104209013,-4.8604651162790695,0.0
30.0,30.0,4,1.5455844104209013,-4.72093023255814,0.0
30.0,30.0,4,1.5455844104209013,-4.5813953488372094,0.0
30.0,30.0,4,1.5455844104209013,-4.441860465116279,0.0
30.0,30.0,4,1.5455844104209013,-4.3023255813953485,0.0
30.0,30.0,4,1.5455844104209013,-4.162790697674419,0.0
30.0,30.0,4,1.5455844104209013,-4.023255813953488,0.0
30.0,30.0,4,1.5455844104209013,-3.883720930232558,0.0
30.0,30.0,4,1.5455844104209013,-3.744186046511628,0.0
30.0,30.0,4,1.5455844104209013,-3.604651162790698,0.0
30.0,30.0,4,1.5455844104209013,-3.4651162790697674,0.0
30.0,30.0,4,1.5455844104209013,-3.3255813953488373,0.0
30.0,30.0,4,1.5455844104209013,-3.1860465116279073,0.0
30.0,30.0,4,1.5455844104209013,-3.046511627906977,0.0
30.0,30.0,4,1.5455844104209013,-2.9069767441860463,0.0
30.0,30.0,4,1.5455844104209013,-2.7674418604651163,0.0
30.0,30.0,4,1.5455844104209013,-2.6279069767441863,0.0
30.0,30.0,4,1.5455844104209013,-2.488372093023256,0.0
30.0,30.0,4,1.5455844104209013,-2.3488372093023258,0.0
30.0,30.0,4,1.5455844104209013,-2.2093023255813953,0.0
30.0,30.0,4,1.5455844104209013,-2.0697674418604652,0.0
30.0,30.0,4,1.5455844104209013,-1.9302325581395348,0.0
30.0,30.0,4,1.5455844104209013,-1.7906976744186047,0.0
30.0,30.0,4,1.5455844104209013,-1.6511627906976747,0.0
30.0,30.0,4,1.5455844104209013,-1.5116279069767442,0.0
30.0,30.0,4,1.5455844104209013,-1.3720930232558142,0.0
30.0,30.0,4,1.5455844104209013,-1.2325581395348837,0.0
30.0,30.0,4,1.5455844104209013,-1.0930232558139537,0.0
30.0,30.0,4,1.5455844104209013,-0.9534883720930232,0.0
30.0,30.0,4,1.5455844104209013,-0.8139534883720927,0.0
30.0,30.0,4,1.5455844104209013,-0.6744186046511631,0.0
30.0,30.0,4,1.5455844104209013,-0.5348837209302326,0.0
30.0,30.0,4,1.5455844104209013,-0.39534883720930214,0.0
30.0,30.0,4,1.5455844104209013,-0.25581395348837255,0.0
30.0,30.0,4,1.5455844104209013,-0.11627906976744207,0.0
30.0,30.0,4,1.5455844104209013,0.0,0.0
30.0,30.0,4,1.5455844104209013,0.1627906976744189,0.0
30.0,30.0,4,1.5455844104209013,0.3023255813953485,0.0
30.0,30.0,4,1.5455844104209013,0.44186046511627897,2.972330150896596e-07
30.0,30.0,4,1.5455844104209013,0.5813953488372094,2.94726419269864e-07
30.0,30.0,4,1.5455844104209013,0.720930232558139,0.01025486085563898
30.0,30.0,4,1.5455844104209013,0.8604651162790695,0.01018203143030405
30.0,30.0,4,1.5455844104209013,1.0,0.21337933838367462
30.0,30.0,4,1.5455844104209013,1.1395348837209305,0.2152092605829239
30.0,30.0,4,1.5455844104209013,1.27906976744186,0.6542776226997375
30.0,30.0,4,1.5455844104209013,1.4186046511627906,0.6772658228874207
30.0,30.0,4,1.5455844104209013,1.558139534883721,0.6941654682159424
30.0,30.0,4,1.5455844104209013,1.6976744186046506,0.7063456177711487
30.0,30.0,4,1.5455844104209013,1.837209302325581,0.7165247797966003
30.0,30.0,4,1.5455844104209013,1.9767441860465116,0.7247584462165833
30.0,30.0,4,1.5455844104209013,2.116279069767442,0.7305225729942322
30.0,30.0,4,1.5455844104209013,2.2558139534883717,0.7346739172935486
30.0,30.0,4,1.5455844104209013,2.395348837209302,0.7381870746612549
30.0,30.0,4,1.5455844104209013,2.5348837209302326,0.7421918511390686
30.0,30.0,4,1.5455844104209013,2.674418604651163,0.7457706928253174
30.0,30.0,4,1.5455844104209013,2.8139534883720927,0.7487066388130188
30.0,30.0,4,1.5455844104209013,2.953488372093023,0.7519959211349487
30.0,30.0,4,1.5455844104209013,3.0930232558139537,0.7559007406234741
30.0,30.0,4,1.5455844104209013,3.232558139534884,0.7605658769607544
30.0,30.0,4,1.5455844104209013,3.3720930232558146,0.766205370426178
30.0,30.0,4,1.5455844104209013,3.5116279069767433,0.7725473642349243
30.0,30.0,4,1.5455844104209013,3.651162790697674,0.7795913815498352
30.0,30.0,4,1.5455844104209013,3.7906976744186043,0.7875460386276245
30.0,30.0,4,1.5455844104209013,3.9302325581395348,0.7964942455291748
30.0,30.0,4,1.5455844104209013,4.069767441860465,0.8061119318008423
30.0,30.0,4,1.5455844104209013,4.209302325581396,0.8158433437347412
30.0,30.0,4,1.5455844104209013,4.348837209302326,0.8254287242889404
30.0,30.0,4,1.5455844104209013,4.488372093023255,0.8351956605911255
30.0,30.0,4,1.5455844104209013,4.627906976744185,0.8451662063598633
30.0,30.0,4,1.5455844104209013,4.767441860465116,0.8547152280807495
30.0,30.0,4,1.5455844104209013,4.906976744186046,0.863642692565918
30.0,30.0,4,1.5455844104209013,5.046511627906977,0.871946394443512
30.0,30.0,4,1.5455844104209013,5.186046511627907,0.87992924451828
30.0,30.0,4,1.5455844104209013,5.325581395348838,0.887470006942749
30.0,30.0,4,1.5455844104209013,5.4651162790697665,0.8942839503288269
30.0,30.0,4,1.5455844104209013,5.604651162790697,0.9029169082641602
30.0,30.0,4,1.5455844104209013,5.7441860465116275,0.9102371335029602
30.0,30.0,4,1.5455844104209013,5.883720930232558,0.9148606061935425
30.0,30.0,4,1.5455844104209013,6.023255813953488,0.9171606302261353
30.0,30.0,4,1.5455844104209013,6.162790697674419,0.9217519164085388
30.0,30.0,4,1.5455844104209013,6.302325581395349,0.927452564239502
30.0,30.0,4,1.5455844104209013,6.441860465116278,0.9311208724975586
30.0,30.0,4,1.5455844104209013,6.581395348837209,0.9330085515975952
30.0,30.0,4,1.5455844104209013,6.720930232558139,0.9351180791854858
30.0,30.0,4,1.5455844104209013,6.8604651162790695,0.9397118091583252
30.0,30.0,4,1.5455844104209013,7.0,0.9426666498184204
30.0,30.0,4,1.5455844104209013,7.571428571428571,0.951086163520813
30.0,30.0,4,1.5455844104209013,8.142857142857142,0.9572404026985168
30.0,30.0,4,1.5455844104209013,8.714285714285714,0.9617497324943542
30.0,30.0,4,1.5455844104209013,9.285714285714285,0.965164303779602
30.0,30.0,4,1.5455844104209013,9.857142857142858,0.9676486253738403
30.0,30.0,4,1.5455844104209013,10.428571428571429,0.9696053862571716
30.0,30.0,4,1.5455844104209013,11.0,0.9711630344390869
30.0,30.0,4,1.5455844104209013,11.571428571428571,0.9723766446113586
30.0,30.0,4,1.5455844104209013,12.142857142857142,0.973358154296875
30.0,30.0,4,1.5455844104209013,12.714285714285714,0.9741166830062866
30.0,30.0,4,1.5455844104209013,13.285714285714285,0.9747181534767151
30.0,30.0,4,1.5455844104209013,13.857142857142858,0.9765312075614929
30.0,30.0,4,1.5455844104209013,14.428571428571427,0.975985050201416
30.0,30.0,4,1.5455844104209013,15.474341649025257,0.9767543077468872
30.0,30.0,4,1.5455844104209013,16.341640786499873,0.9767432808876038
30.0,30.0,4,1.5455844104209013,17.464751508773247,0.9780477285385132
30.0,30.0,4,1.5455844104209013,18.794733192202056,0.978407621383667
30.0,30.0,4,1.5455844104209013,20.303300858899107,0.9786304235458374
30.0,30.0,4,1.5455844104209013,21.97137002317335,0.9784237146377563
30.0,30.0,4,1.5455844104209013,23.784930278607796,0.9778275489807129
30.0,30.0,4,1.5455844104209013,25.733126291998992,0.9763600826263428
30.0,30.0,4,1.5455844104209013,27.80722452368194,0.9755431413650513
30.0,30.0,4,1.5455844104209013,30.0,0.976047933101654
42.0,42.0,0,0.6134533968572546,-12.0,nan
42.0,42.0,0,0.6134533968572546,-11.3,nan
42.0,42.0,0,0.6134533968572546,-10.6,nan
42.0,42.0,0,0.6134533968572546,-9.9,nan
42.0,42.0,0,0.6134533968572546,-9.2,nan
42.0,42.0,0,0.6134533968572546,-8.5,nan
42.0,42.0,0,0.6134533968572546,-7.800000000000001,nan
42.0,42.0,0,0.6134533968572546,-7.1000000000000005,nan
42.0,42.0,0,0.6134533968572546,-6.4,nan
42.0,42.0,0,0.6134533968572546,-5.7,nan
42.0,42.0,0,0.6134533968572546,-5.0,nan
42.0,42.0,0,0.6134533968572546,-4.8604651162790695,nan
42.0,42.0,0,0.6134533968572546,-4.72093023255814,nan
42.0,42.0,0,0.6134533968572546,-4.5813953488372094,nan
42.0,42.0,0,0.6134533968572546,-4.441860465116279,nan
42.0,42.0,0,0.6134533968572546,-4.3023255813953485,nan
42.0,42.0,0,0.6134533968572546,-4.162790697674419,nan
42.0,42.0,0,0.6134533968572546,-4.023255813953488,nan
42.0,42.0,0,0.6134533968572546,-3.883720930232558,nan
42.0,42.0,0,0.6134533968572546,-3.744186046511628,nan
42.0,42.0,0,0.6134533968572546,-3.604651162790698,nan
42.0,42.0,0,0.6134533968572546,-3.4651162790697674,nan
42.0,42.0,0,0.6134533968572546,-3.3255813953488373,nan
42.0,42.0,0,0.6134533968572546,-3.1860465116279073,nan
42.0,42.0,0,0.6134533968572546,-3.046511627906977,nan
42.0,42.0,0,0.6134533968572546,-2.9069767441860463,nan
42.0,42.0,0,0.6134533968572546,-2.7674418604651163,nan
42.0,42.0,0,0.6134533968572546,-2.6279069767441863,nan
42.0,42.0,0,0.6134533968572546,-2.488372093023256,0.0
42.0,42.0,0,0.6134533968572546,-2.3488372093023258,0.0
42.0,42.0,0,0.6134533968572546,-2.2093023255813953,0.0
42.0,42.0,0,0.6134533968572546,-2.0697674418604652,0.0
42.0,42.0,0,0.6134533968572546,-1.9302325581395348,0.0
42.0,42.0,0,0.6134533968572546,-1.7906976744186047,0.0
42.0,42.0,0,0.6134533968572546,-1.6511627906976747,0.0
42.0,42.0,0,0.6134533968572546,-1.5116279069767442,0.0
42.0,42.0,0,0.6134533968572546,-1.3720930232558142,0.0
42.0,42.0,0,0.6134533968572546,-1.2325581395348837,0.0
42.0,42.0,0,0.6134533968572546,-1.0930232558139537,0.0
42.0,42.0,0,0.6134533968572546,-0.9534883720930232,0.0
42.0,42.0,0,0.6134533968572546,-0.8139534883720927,0.0
42.0,42.0,0,0.6134533968572546,-0.6744186046511631,0.0
42.0,42.0,0,0.6134533968572546,-0.5348837209302326,0.0
42.0,42.0,0,0.6134533968572546,-0.39534883720930214,0.0
42.0,42.0,0,0.6134533968572546,-0.25581395348837255,0.0
42.0,42.0,0,0.6134533968572546,-0.11627906976744207,0.0
42.0,42.0,0,0.6134533968572546,0.0,0.0
42.0,42.0,0,0.6134533968572546,0.1627906976744189,0.0
42.0,42.0,0,0.6134533968572546,0.3023255813953485,0.0
42.0,42.0,0,0.6134533968572546,0.44186046511627897,3.2842610380612314e-05
42.0,42.0,0,0.6134533968572546,0.5813953488372094,1.0824838682310656e-05
42.0,42.0,0,0.6134533968572546,0.720930232558139,0.08245494961738586
42.0,42.0,0,0.6134533968572546,0.8604651162790695,0.4269060790538788
42.0,42.0,0,0.6134533968572546,1.0,0.8066922426223755
42.0,42.0,0,0.6134533968572546,1.1395348837209305,0.9127649068832397
42.0,42.0,0,0.6134533968572546,1.27906976744186,0.9380135536193848
42.0,42.0,0,0.6134533968572546,1.4186046511627906,0.9484348893165588
42.0,42.0,0,0.6134533968572546,1.558139534883721,0.9541455507278442
42.0,42.0,0,0.6134533968572546,1.6976744186046506,0.9572067260742188
42.0,42.0,0,0.6134533968572546,1.837209302325581,0.9584453701972961
42.0,42.0,0,0.6134533968572546,1.9767441860465116,0.9583091735839844
42.0,42.0,0,0.6134533968572546,2.116279069767442,0.956942081451416
42.0,42.0,0,0.6134533968572546,2.2558139534883717,0.9545155763626099
42.0,42.0,0,0.6134533968572546,2.395348837209302,0.951410710811615
42.0,42.0,0,0.6134533968572546,2.5348837209302326,0.9481702446937561
42.0,42.0,0,0.6134533968572546,2.674418604651163,0.944420576095581
42.0,42.0,0,0.6134533968572546,2.8139534883720927,0.9394736886024475
42.0,42.0,0,0.6134533968572546,2.953488372093023,0.9320837259292603
42.0,42.0,0,0.6134533968572546,3.0930232558139537,0.9192732572555542
42.0,42.0,0,0.6134533968572546,3.232558139534884,0.9026294946670532
42.0,42.0,0,0.6134533968572546,3.3720930232558146,0.8751958012580872
42.0,42.0,0,0.6134533968572546,3.5116279069767433,0.8373261094093323
42.0,42.0,0,0.6134533968572546,3.651162790697674,0.789755642414093
42.0,42.0,0,0.6134533968572546,3.7906976744186043,0.7364780306816101
42.0,42.0,0,0.6134533968572546,3.9302325581395348,0.6820876002311707
42.0,42.0,0,0.6134533968572546,4.069767441860465,0.6291200518608093
42.0,42.0,0,0.6134533968572546,4.209302325581396,0.5798027515411377
42.0,42.0,0,0.6134533968572546,4.348837209302326,0.5367250442504883
42.0,42.0,0,0.6134533968572546,4.488372093023255,0.5078275799751282
42.0,42.0,0,0.6134533968572546,4.627906976744185,0.5078518390655518
42.0,42.0,0,0.6134533968572546,4.767441860465116,0.5565623044967651
42.0,42.0,0,0.6134533968572546,4.906976744186046,0.6487419009208679
42.0,42.0,0,0.6134533968572546,5.046511627906977,0.7446500062942505
42.0,42.0,0,0.6134533968572546,5.186046511627907,0.8084118962287903
42.0,42.0,0,0.6134533968572546,5.325581395348838,0.8402168154716492
42.0,42.0,0,0.6134533968572546,5.4651162790697665,0.8554538488388062
42.0,42.0,0,0.6134533968572546,5.604651162790697,0.8631909489631653
42.0,42.0,0,0.6134533968572546,5.7441860465116275,0.8671013116836548
42.0,42.0,0,0.6134533968572546,5.883720930232558,0.8696027994155884
42.0,42.0,0,0.6134533968572546,6.023255813953488,0.8719363808631897
42.0,42.0,0,0.6134533968572546,6.162790697674419,0.873264491558075
42.0,42.0,0,0.6134533968572546,6.302325581395349,0.8732679486274719
42.0,42.0,0,0.6134533968572546,6.441860465116278,0.872165858745575
42.0,42.0,0,0.6134533968572546,6.581395348837209,0.8701146841049194
42.0,42.0,0,0.6134533968572546,6.720930232558139,0.8671709895133972
42.0,42.0,0,0.6134533968572546,6.8604651162790695,0.8632592558860779
42.0,42.0,0,0.6134533968572546,7.0,0.8584657311439514
42.0,42.0,0,0.6134533968572546,7.571428571428571,0.8521565198898315
42.0,42.0,0,0.6134533968572546,8.142857142857142,0.7985035181045532
42.0,42.0,0,0.6134533968572546,8.714285714285714,0.7563387155532837
42.0,42.0,0,0.6134533968572546,9.285714285714285,0.7990310192108154
42.0,42.0,0,0.6134533968572546,9.857142857142858,0.8602736592292786
42.0,42.0,0,0.6134533968572546,10.428571428571429,0.8857623934745789
42.0,42.0,0,0.6134533968572546,11.0,0.898410975933075
42.0,42.0,0,0.6134533968572546,11.571428571428571,0.9030837416648865
42.0,42.0,0,0.6134533968572546,12.142857142857142,0.9032624959945679
42.0,42.0,0,0.6134533968572546,12.714285714285714,0.9043989777565002
42.0,42.0,0,0.6134533968572546,13.285714285714285,0.9107016324996948
42.0,42.0,0,0.6134533968572546,13.857142857142858,0.9260157346725464
42.0,42.0,0,0.6134533968572546,14.428571428571427,0.9381113052368164
42.0,42.0,0,0.6134533968572546,15.474341649025257,0.9578518867492676
42.0,42.0,0,0.6134533968572546,16.341640786499873,0.963222324848175
42.0,42.0,0,0.6134533968572546,17.464751508773247,0.9699088335037231
42.0,42.0,0,0.6134533968572546,18.794733192202056,0.974108099937439
42.0,42.0,0,0.6134533968572546,20.303300858899107,0.9774652123451233
42.0,42.0,0,0.6134533968572546,21.97137002317335,0.9786041975021362
42.0,42.0,0,0.6134533968572546,23.784930278607796,0.9788347482681274
42.0,42.0,0,0.6134533968572546,25.733126291998992,0.9781588315963745
42.0,42.0,0,0.6134533968572546,27.80722452368194,0.9784530997276306
42.0,42.0,0,0.6134533968572546,30.0,0.9762468338012695
42.0,42.0,1,0.7728751856900854,-12.0,nan
42.0,42.0,1,0.7728751856900854,-11.3,nan
42.0,42.0,1,0.7728751856900854,-10.6,nan
42.0,42.0,1,0.7728751856900854,-9.9,nan
42.0,42.0,1,0.7728751856900854,-9.2,nan
42.0,42.0,1,0.7728751856900854,-8.5,nan
42.0,42.0,1,0.7728751856900854,-7.800000000000001,nan
42.0,42.0,1,0.7728751856900854,-7.1000000000000005,nan
42.0,42.0,1,0.7728751856900854,-6.4,nan
42.0,42.0,1,0.7728751856900854,-5.7,nan
42.0,42.0,1,0.7728751856900854,-5.0,nan
42.0,42.0,1,0.7728751856900854,-4.8604651162790695,nan
42.0,42.0,1,0.7728751856900854,-4.72093023255814,nan
42.0,42.0,1,0.7728751856900854,-4.5813953488372094,nan
42.0,42.0,1,0.7728751856900854,-4.441860465116279,nan
42.0,42.0,1,0.7728751856900854,-4.3023255813953485,nan
42.0,42.0,1,0.7728751856900854,-4.162790697674419,nan
42.0,42.0,1,0.7728751856900854,-4.023255813953488,0.0
42.0,42.0,1,0.7728751856900854,-3.883720930232558,0.0
42.0,42.0,1,0.7728751856900854,-3.744186046511628,0.0
42.0,42.0,1,0.7728751856900854,-3.604651162790698,0.0
42.0,42.0,1,0.7728751856900854,-3.4651162790697674,0.0
42.0,42.0,1,0.7728751856900854,-3.3255813953488373,0.0
42.0,42.0,1,0.7728751856900854,-3.1860465116279073,0.0
42.0,42.0,1,0.7728751856900854,-3.046511627906977,0.0
42.0,42.0,1,0.7728751856900854,-2.9069767441860463,0.0
42.0,42.0,1,0.7728751856900854,-2.7674418604651163,0.0
42.0,42.0,1,0.7728751856900854,-2.6279069767441863,0.0
42.0,42.0,1,0.7728751856900854,-2.488372093023256,0.0
42.0,42.0,1,0.7728751856900854,-2.3488372093023258,0.0
42.0,42.0,1,0.7728751856900854,-2.2093023255813953,0.0
42.0,42.0,1,0.7728751856900854,-2.0697674418604652,0.0
42.0,42.0,1,0.7728751856900854,-1.9302325581395348,0.0
42.0,42.0,1,0.7728751856900854,-1.7906976744186047,0.0
42.0,42.0,1,0.7728751856900854,-1.6511627906976747,0.0
42.0,42.0,1,0.7728751856900854,-1.5116279069767442,0.0
42.0,42.0,1,0.7728751856900854,-1.3720930232558142,0.0
42.0,42.0,1,0.7728751856900854,-1.2325581395348837,0.0
42.0,42.0,1,0.7728751856900854,-1.0930232558139537,0.0
42.0,42.0,1,0.7728751856900854,-0.9534883720930232,0.0
42.0,42.0,1,0.7728751856900854,-0.8139534883720927,0.0
42.0,42.0,1,0.7728751856900854,-0.6744186046511631,0.0
42.0,42.0,1,0.7728751856900854,-0.5348837209302326,0.0
42.0,42.0,1,0.7728751856900854,-0.39534883720930214,0.0
42.0,42.0,1,0.7728751856900854,-0.25581395348837255,0.0
42.0,42.0,1,0.7728751856900854,-0.11627906976744207,0.0
42.0,42.0,1,0.7728751856900854,0.0,0.0
42.0,42.0,1,0.7728751856900854,0.1627906976744189,0.0
42.0,42.0,1,0.7728751856900854,0.3023255813953485,0.0
42.0,42.0,1,0.7728751856900854,0.44186046511627897,2.6287534637958743e-06
42.0,42.0,1,0.7728751856900854,0.5813953488372094,2.3502470867242664e-06
42.0,42.0,1,0.7728751856900854,0.720930232558139,0.9303478002548218
42.0,42.0,1,0.7728751856900854,0.8604651162790695,0.9227440357208252
42.0,42.0,1,0.7728751856900854,1.0,0.911287248134613
42.0,42.0,1,0.7728751856900854,1.1395348837209305,0.8966826796531677
42.0,42.0,1,0.7728751856900854,1.27906976744186,0.8786619901657104
42.0,42.0,1,0.7728751856900854,1.4186046511627906,0.8572134971618652
42.0,42.0,1,0.7728751856900854,1.558139534883721,0.8338735699653625
42.0,42.0,1,0.7728751856900854,1.6976744186046506,0.8069796562194824
42.0,42.0,1,0.7728751856900854,1.837209302325581,0.7766066193580627
42.0,42.0,1,0.7728751856900854,1.9767441860465116,0.7437008619308472
42.0,42.0,1,0.7728751856900854,2.116279069767442,0.7098886966705322
42.0,42.0,1,0.7728751856900854,2.2558139534883717,0.6750559210777283
42.0,42.0,1,0.7728751856900854,2.395348837209302,0.638414740562439
42.0,42.0,1,0.7728751856900854,2.5348837209302326,0.6113601326942444
42.0,42.0,1,0.7728751856900854,2.674418604651163,0.5994157195091248
42.0,42.0,1,0.7728751856900854,2.8139534883720927,0.6132737398147583
42.0,42.0,1,0.7728751856900854,2.953488372093023,0.6418437957763672
42.0,42.0,1,0.7728751856900854,3.0930232558139537,0.6725391745567322
42.0,42.0,1,0.7728751856900854,3.232558139534884,0.7041906714439392
42.0,42.0,1,0.7728751856900854,3.3720930232558146,0.7332606315612793
42.0,42.0,1,0.7728751856900854,3.5116279069767433,0.7587655186653137
42.0,42.0,1,0.7728751856900854,3.651162790697674,0.7812283635139465
42.0,42.0,1,0.7728751856900854,3.7906976744186043,0.8011283874511719
42.0,42.0,1,0.7728751856900854,3.9302325581395348,0.8177773356437683
42.0,42.0,1,0.7728751856900854,4.069767441860465,0.8312267661094666
42.0,42.0,1,0.7728751856900854,4.209302325581396,0.8417446613311768
42.0,42.0,1,0.7728751856900854,4.348837209302326,0.8503881096839905
42.0,42.0,1,0.7728751856900854,4.488372093023255,0.8553035259246826
42.0,42.0,1,0.7728751856900854,4.627906976744185,0.856613039970398
42.0,42.0,1,0.7728751856900854,4.767441860465116,0.8572947978973389
42.0,42.0,1,0.7728751856900854,4.906976744186046,0.8538457155227661
42.0,42.0,1,0.7728751856900854,5.046511627906977,0.8475162386894226
42.0,42.0,1,0.7728751856900854,5.186046511627907,0.8393267393112183
42.0,42.0,1,0.7728751856900854,5.325581395348838,0.8300497531890869
42.0,42.0,1,0.7728751856900854,5.4651162790697665,0.8202473521232605
42.0,42.0,1,0.7728751856900854,5.604651162790697,0.81025630235672
42.0,42.0,1,0.7728751856900854,5.7441860465116275,0.8003502488136292
42.0,42.0,1,0.7728751856900854,5.883720930232558,0.7909175753593445
42.0,42.0,1,0.7728751856900854,6.023255813953488,0.7822220921516418
42.0,42.0,1,0.7728751856900854,6.162790697674419,0.7742072343826294
42.0,42.0,1,0.7728751856900854,6.302325581395349,0.7676013112068176
42.0,42.0,1,0.7728751856900854,6.441860465116278,0.7624922394752502
42.0,42.0,1,0.7728751856900854,6.581395348837209,0.7585722804069519
42.0,42.0,1,0.7728751856900854,6.720930232558139,0.7561443448066711
42.0,42.0,1,0.7728751856900854,6.8604651162790695,0.7560685873031616
42.0,42.0,1,0.7728751856900854,7.0,0.7648348808288574
42.0,42.0,1,0.7728751856900854,7.571428571428571,0.7999873161315918
42.0,42.0,1,0.7728751856900854,8.142857142857142,0.845548689365387
42.0,42.0,1,0.7728751856900854,8.714285714285714,0.8773289918899536
42.0,42.0,1,0.7728751856900854,9.285714285714285,0.8917402625083923
42.0,42.0,1,0.7728751856900854,9.857142857142858,0.8959140181541443
42.0,42.0,1,0.7728751856900854,10.428571428571429,0.898533046245575
42.0,42.0,1,0.7728751856900854,11.0,0.9035423994064331
42.0,42.0,1,0.7728751856900854,11.571428571428571,0.9126753807067871
42.0,42.0,1,0.7728751856900854,12.142857142857142,0.9255561828613281
42.0,42.0,1,0.7728751856900854,12.714285714285714,0.9386360049247742
42.0,42.0,1,0.7728751856900854,13.285714285714285,0.948884129524231
42.0,42.0,1,0.7728751856900854,13.857142857142858,0.9562245607376099
42.0,42.0,1,0.7728751856900854,14.428571428571427,0.9613807201385498
42.0,42.0,1,0.7728751856900854,15.474341649025257,0.9673929810523987
42.0,42.0,1,0.7728751856900854,16.341640786499873,0.9706214070320129
42.0,42.0,1,0.7728751856900854,17.464751508773247,0.9741460680961609
42.0,42.0,1,0.7728751856900854,18.794733192202056,0.9764987826347351
42.0,42.0,1,0.7728751856900854,20.303300858899107,0.9782164096832275
42.0,42.0,1,0.7728751856900854,21.97137002317335,0.9786211252212524
42.0,42.0,1,0.7728751856900854,23.784930278607796,0.9781534671783447
42.0,42.0,1,0.7728751856900854,25.733126291998992,0.9773455858230591
42.0,42.0,1,0.7728751856900854,27.80722452368194,0.9771028757095337
42.0,42.0,1,0.7728751856900854,30.0,0.9753282070159912
42.0,42.0,2,0.9737268645273782,-12.0,nan
42.0,42.0,2,0.9737268645273782,-11.3,nan
42.0,42.0,2,0.9737268645273782,-10.6,nan
42.0,42.0,2,0.9737268645273782,-9.9,nan
42.0,42.0,2,0.9737268645273782,-9.2,nan
42.0,42.0,2,0.9737268645273782,-8.5,nan
42.0,42.0,2,0.9737268645273782,-7.800000000000001,nan
42.0,42.0,2,0.9737268645273782,-7.1000000000000005,nan
42.0,42.0,2,0.9737268645273782,-6.4,nan
42.0,42.0,2,0.9737268645273782,-5.7,nan
42.0,42.0,2,0.9737268645273782,-5.0,nan
42.0,42.0,2,0.9737268645273782,-4.8604651162790695,nan
42.0,42.0,2,0.9737268645273782,-4.72093023255814,nan
42.0,42.0,2,0.9737268645273782,-4.5813953488372094,nan
42.0,42.0,2,0.9737268645273782,-4.441860465116279,0.0
42.0,42.0,2,0.9737268645273782,-4.3023255813953485,0.0
42.0,42.0,2,0.9737268645273782,-4.162790697674419,0.0
42.0,42.0,2,0.9737268645273782,-4.023255813953488,0.0
42.0,42.0,2,0.9737268645273782,-3.883720930232558,0.0
42.0,42.0,2,0.9737268645273782,-3.744186046511628,0.0
42.0,42.0,2,0.9737268645273782,-3.604651162790698,0.0
42.0,42.0,2,0.9737268645273782,-3.4651162790697674,0.0
42.0,42.0,2,0.9737268645273782,-3.3255813953488373,0.0
42.0,42.0,2,0.9737268645273782,-3.1860465116279073,0.0
42.0,42.0,2,0.9737268645273782,-3.046511627906977,0.0
42.0,42.0,2,0.9737268645273782,-2.9069767441860463,0.0
42.0,42.0,2,0.9737268645273782,-2.7674418604651163,0.0
42.0,42.0,2,0.9737268645273782,-2.6279069767441863,0.0
42.0,42.0,2,0.9737268645273782,-2.488372093023256,0.0
42.0,42.0,2,0.9737268645273782,-2.3488372093023258,0.0
42.0,42.0,2,0.9737268645273782,-2.2093023255813953,0.0
42.0,42.0,2,0.9737268645273782,-2.0697674418604652,0.0
42.0,42.0,2,0.9737268645273782,-1.9302325581395348,0.0
42.0,42.0,2,0.9737268645273782,-1.7906976744186047,0.0
42.0,42.0,2,0.9737268645273782,-1.6511627906976747,0.0
42.0,42.0,2,0.9737268645273782,-1.5116279069767442,0.0
42.0,42.0,2,0.9737268645273782,-1.3720930232558142,0.0
42.0,42.0,2,0.9737268645273782,-1.2325581395348837,0.0
42.0,42.0,2,0.9737268645273782,-1.0930232558139537,0.0
42.0,42.0,2,0.9737268645273782,-0.9534883720930232,0.0
42.0,42.0,2,0.9737268645273782,-0.8139534883720927,0.0
42.0,42.0,2,0.9737268645273782,-0.6744186046511631,0.0
42.0,42.0,2,0.9737268645273782,-0.5348837209302326,0.0
42.0,42.0,2,0.9737268645273782,-0.39534883720930214,0.0
42.0,42.0,2,0.9737268645273782,-0.25581395348837255,0.0
42.0,42.0,2,0.9737268645273782,-0.11627906976744207,0.0
42.0,42.0,2,0.9737268645273782,0.0,0.0
42.0,42.0,2,0.9737268645273782,0.1627906976744189,0.0
42.0,42.0,2,0.9737268645273782,0.3023255813953485,0.0
42.0,42.0,2,0.9737268645273782,0.44186046511627897,8.536340487808047e-07
42.0,42.0,2,0.9737268645273782,0.5813953488372094,7.961525625432841e-07
42.0,42.0,2,0.9737268645273782,0.720930232558139,0.15762054920196533
42.0,42.0,2,0.9737268645273782,0.8604651162790695,0.11405070126056671
42.0,42.0,2,0.9737268645273782,1.0,0.5195716023445129
42.0,42.0,2,0.9737268645273782,1.1395348837209305,0.5721819996833801
42.0,42.0,2,0.9737268645273782,1.27906976744186,0.6220395565032959
42.0,42.0,2,0.9737268645273782,1.4186046511627906,0.6670541167259216
42.0,42.0,2,0.9737268645273782,1.558139534883721,0.7063946723937988
42.0,42.0,2,0.9737268645273782,1.6976744186046506,0.7398484945297241
42.0,42.0,2,0.9737268645273782,1.837209302325581,0.7675540447235107
42.0,42.0,2,0.9737268645273782,1.9767441860465116,0.7900556325912476
42.0,42.0,2,0.9737268645273782,2.116279069767442,0.8078444600105286
42.0,42.0,2,0.9737268645273782,2.2558139534883717,0.8209800720214844
42.0,42.0,2,0.9737268645273782,2.395348837209302,0.8291218876838684
42.0,42.0,2,0.9737268645273782,2.5348837209302326,0.8317887187004089
42.0,42.0,2,0.9737268645273782,2.674418604651163,0.8300862908363342
42.0,42.0,2,0.9737268645273782,2.8139534883720927,0.8264670968055725
42.0,42.0,2,0.9737268645273782,2.953488372093023,0.8220961689949036
42.0,42.0,2,0.9737268645273782,3.0930232558139537,0.8175473213195801
42.0,42.0,2,0.9737268645273782,3.232558139534884,0.8131049871444702
42.0,42.0,2,0.9737268645273782,3.3720930232558146,0.8085934519767761
42.0,42.0,2,0.9737268645273782,3.5116279069767433,0.8039366006851196
42.0,42.0,2,0.9737268645273782,3.651162790697674,0.7988220453262329
42.0,42.0,2,0.9737268645273782,3.7906976744186043,0.7919156551361084
42.0,42.0,2,0.9737268645273782,3.9302325581395348,0.7841395139694214
42.0,42.0,2,0.9737268645273782,4.069767441860465,0.7737409472465515
42.0,42.0,2,0.9737268645273782,4.209302325581396,0.7605128288269043
42.0,42.0,2,0.9737268645273782,4.348837209302326,0.7451874017715454
42.0,42.0,2,0.9737268645273782,4.488372093023255,0.7295510172843933
42.0,42.0,2,0.9737268645273782,4.627906976744185,0.7157511115074158
42.0,42.0,2,0.9737268645273782,4.767441860465116,0.7088524699211121
42.0,42.0,2,0.9737268645273782,4.906976744186046,0.7077282667160034
42.0,42.0,2,0.9737268645273782,5.046511627906977,0.7134890556335449
42.0,42.0,2,0.9737268645273782,5.186046511627907,0.7256382703781128
42.0,42.0,2,0.9737268645273782,5.325581395348838,0.7412253022193909
42.0,42.0,2,0.9737268645273782,5.4651162790697665,0.758679986000061
42.0,42.0,2,0.9737268645273782,5.604651162790697,0.7763710618019104
42.0,42.0,2,0.9737268645273782,5.7441860465116275,0.7945355176925659
42.0,42.0,2,0.9737268645273782,5.883720930232558,0.8117848038673401
42.0,42.0,2,0.9737268645273782,6.023255813953488,0.8272342085838318
42.0,42.0,2,0.9737268645273782,6.162790697674419,0.8394569158554077
42.0,42.0,2,0.9737268645273782,6.302325581395349,0.8505116701126099
42.0,42.0,2,0.9737268645273782,6.441860465116278,0.862879753112793
42.0,42.0,2,0.9737268645273782,6.581395348837209,0.8754871487617493
42.0,42.0,2,0.9737268645273782,6.720930232558139,0.8817166686058044
42.0,42.0,2,0.9737268645273782,6.8604651162790695,0.8824982643127441
42.0,42.0,2,0.9737268645273782,7.0,0.8837214708328247
42.0,42.0,2,0.9737268645273782,7.571428571428571,0.8932348489761353
42.0,42.0,2,0.9737268645273782,8.142857142857142,0.8974785804748535
42.0,42.0,2,0.9737268645273782,8.714285714285714,0.8992757797241211
42.0,42.0,2,0.9737268645273782,9.285714285714285,0.906665563583374
42.0,42.0,2,0.9737268645273782,9.857142857142858,0.9218942523002625
42.0,42.0,2,0.9737268645273782,10.428571428571429,0.9373006820678711
42.0,42.0,2,0.9737268645273782,11.0,0.9488060474395752
42.0,42.0,2,0.9737268645273782,11.571428571428571,0.9566184282302856
42.0,42.0,2,0.9737268645273782,12.142857142857142,0.9618182182312012
42.0,42.0,2,0.9737268645273782,12.714285714285714,0.9655053019523621
42.0,42.0,2,0.9737268645273782,13.285714285714285,0.9681233763694763
42.0,42.0,2,0.9737268645273782,13.857142857142858,0.9702094197273254
42.0,42.0,2,0.9737268645273782,14.428571428571427,0.9730444550514221
42.0,42.0,2,0.9737268645273782,15.474341649025257,0.9737178683280945
42.0,42.0,2,0.9737268645273782,16.341640786499873,0.9749537706375122
42.0,42.0,2,0.9737268645273782,17.464751508773247,0.9756425619125366
42.0,42.0,2,0.9737268645273782,18.794733192202056,0.9761168360710144
42.0,42.0,2,0.9737268645273782,20.303300858899107,0.9766626954078674
42.0,42.0,2,0.9737268645273782,21.97137002317335,0.9770432710647583
42.0,42.0,2,0.9737268645273782,23.784930278607796,0.9767951965332031
42.0,42.0,2,0.9737268645273782,25.733126291998992,0.9761351346969604
42.0,42.0,2,0.9737268645273782,27.80722452368194,0.975590169429779
42.0,42.0,2,0.9737268645273782,30.0,0.9742035865783691
42.0,42.0,3,1.2267750656993077,-12.0,nan
42.0,42.0,3,1.2267750656993077,-11.3,nan
42.0,42.0,3,1.2267750656993077,-10.6,nan
42.0,42.0,3,1.2267750656993077,-9.9,nan
42.0,42.0,3,1.2267750656993077,-9.2,nan
42.0,42.0,3,1.2267750656993077,-8.5,nan
42.0,42.0,3,1.2267750656993077,-7.800000000000001,nan
42.0,42.0,3,1.2267750656993077,-7.1000000000000005,nan
42.0,42.0,3,1.2267750656993077,-6.4,0.0
42.0,42.0,3,1.2267750656993077,-5.7,0.0
42.0,42.0,3,1.2267750656993077,-5.0,0.0
42.0,42.0,3,1.2267750656993077,-4.8604651162790695,0.0
42.0,42.0,3,1.2267750656993077,-4.72093023255814,0.0
42.0,42.0,3,1.2267750656993077,-4.5813953488372094,0.0
42.0,42.0,3,1.2267750656993077,-4.441860465116279,0.0
42.0,42.0,3,1.2267750656993077,-4.3023255813953485,0.0
42.0,42.0,3,1.2267750656993077,-4.162790697674419,0.0
42.0,42.0,3,1.2267750656993077,-4.023255813953488,0.0
42.0,42.0,3,1.2267750656993077,-3.883720930232558,0.0
42.0,42.0,3,1.2267750656993077,-3.744186046511628,0.0
42.0,42.0,3,1.2267750656993077,-3.604651162790698,0.0
42.0,42.0,3,1.2267750656993077,-3.4651162790697674,0.0
42.0,42.0,3,1.2267750656993077,-3.3255813953488373,0.0
42.0,42.0,3,1.2267750656993077,-3.1860465116279073,0.0
42.0,42.0,3,1.2267750656993077,-3.046511627906977,0.0
42.0,42.0,3,1.2267750656993077,-2.9069767441860463,0.0
42.0,42.0,3,1.2267750656993077,-2.7674418604651163,0.0
42.0,42.0,3,1.2267750656993077,-2.6279069767441863,0.0
42.0,42.0,3,1.2267750656993077,-2.488372093023256,0.0
42.0,42.0,3,1.2267750656993077,-2.3488372093023258,0.0
42.0,42.0,3,1.2267750656993077,-2.2093023255813953,0.0
42.0,42.0,3,1.2267750656993077,-2.0697674418604652,0.0
42.0,42.0,3,1.2267750656993077,-1.9302325581395348,0.0
42.0,42.0,3,1.2267750656993077,-1.7906976744186047,0.0
42.0,42.0,3,1.2267750656993077,-1.6511627906976747,0.0
42.0,42.0,3,1.2267750656993077,-1.5116279069767442,0.0
42.0,42.0,3,1.2267750656993077,-1.3720930232558142,0.0
42.0,42.0,3,1.2267750656993077,-1.2325581395348837,0.0
42.0,42.0,3,1.2267750656993077,-1.0930232558139537,0.0
42.0,42.0,3,1.2267750656993077,-0.9534883720930232,0.0
42.0,42.0,3,1.2267750656993077,-0.8139534883720927,0.0
42.0,42.0,3,1.2267750656993077,-0.6744186046511631,0.0
42.0,42.0,3,1.2267750656993077,-0.5348837209302326,0.0
42.0,42.0,3,1.2267750656993077,-0.39534883720930214,0.0
42.0,42.0,3,1.2267750656993077,-0.25581395348837255,0.0
42.0,42.0,3,1.2267750656993077,-0.11627906976744207,0.0
42.0,42.0,3,1.2267750656993077,0.0,0.0
42.0,42.0,3,1.2267750656993077,0.1627906976744189,0.0
42.0,42.0,3,1.2267750656993077,0.3023255813953485,0.0
42.0,42.0,3,1.2267750656993077,0.44186046511627897,3.2265106142403965e-07
42.0,42.0,3,1.2267750656993077,0.5813953488372094,3.16220337026607e-07
42.0,42.0,3,1.2267750656993077,0.720930232558139,0.012743856757879257
42.0,42.0,3,1.2267750656993077,0.8604651162790695,0.012164373882114887
42.0,42.0,3,1.2267750656993077,1.0,0.7481241226196289
42.0,42.0,3,1.2267750656993077,1.1395348837209305,0.7303693294525146
42.0,42.0,3,1.2267750656993077,1.27906976744186,0.7230094075202942
42.0,42.0,3,1.2267750656993077,1.4186046511627906,0.7061308026313782
42.0,42.0,3,1.2267750656993077,1.558139534883721,0.6898391246795654
42.0,42.0,3,1.2267750656993077,1.6976744186046506,0.6757903099060059
42.0,42.0,3,1.2267750656993077,1.837209302325581,0.6649256348609924
42.0,42.0,3,1.2267750656993077,1.9767441860465116,0.658844530582428
42.0,42.0,3,1.2267750656993077,2.116279069767442,0.6593195796012878
42.0,42.0,3,1.2267750656993077,2.2558139534883717,0.6667053699493408
42.0,42.0,3,1.2267750656993077,2.395348837209302,0.6801127791404724
42.0,42.0,3,1.2267750656993077,2.5348837209302326,0.6978510022163391
42.0,42.0,3,1.2267750656993077,2.674418604651163,0.7183542251586914
42.0,42.0,3,1.2267750656993077,2.8139534883720927,0.7399387359619141
42.0,42.0,3,1.2267750656993077,2.953488372093023,0.7612913250923157
42.0,42.0,3,1.2267750656993077,3.0930232558139537,0.7814800143241882
42.0,42.0,3,1.2267750656993077,3.232558139534884,0.8000621199607849
42.0,42.0,3,1.2267750656993077,3.3720930232558146,0.8164658546447754
42.0,42.0,3,1.2267750656993077,3.5116279069767433,0.8307115435600281
42.0,42.0,3,1.2267750656993077,3.651162790697674,0.842609703540802
42.0,42.0,3,1.2267750656993077,3.7906976744186043,0.8523503541946411
42.0,42.0,3,1.2267750656993077,3.9302325581395348,0.8604300022125244
42.0,42.0,3,1.2267750656993077,4.069767441860465,0.8669069409370422
42.0,42.0,3,1.2267750656993077,4.209302325581396,0.8720188140869141
42.0,42.0,3,1.2267750656993077,4.348837209302326,0.8760632872581482
42.0,42.0,3,1.2267750656993077,4.488372093023255,0.8793617486953735
42.0,42.0,3,1.2267750656993077,4.627906976744185,0.8820316195487976
42.0,42.0,3,1.2267750656993077,4.767441860465116,0.8840108513832092
42.0,42.0,3,1.2267750656993077,4.906976744186046,0.885180652141571
42.0,42.0,3,1.2267750656993077,5.046511627906977,0.8855747580528259
42.0,42.0,3,1.2267750656993077,5.186046511627907,0.8861470222473145
42.0,42.0,3,1.2267750656993077,5.325581395348838,0.8867112398147583
42.0,42.0,3,1.2267750656993077,5.4651162790697665,0.886843740940094
42.0,42.0,3,1.2267750656993077,5.604651162790697,0.8867941498756409
42.0,42.0,3,1.2267750656993077,5.7441860465116275,0.8869855999946594
42.0,42.0,3,1.2267750656993077,5.883720930232558,0.8919582366943359
42.0,42.0,3,1.2267750656993077,6.023255813953488,0.894909679889679
42.0,42.0,3,1.2267750656993077,6.162790697674419,0.8953220248222351
42.0,42.0,3,1.2267750656993077,6.302325581395349,0.8938373327255249
42.0,42.0,3,1.2267750656993077,6.441860465116278,0.8997182846069336
42.0,42.0,3,1.2267750656993077,6.581395348837209,0.9051668643951416
42.0,42.0,3,1.2267750656993077,6.720930232558139,0.9084892272949219
42.0,42.0,3,1.2267750656993077,6.8604651162790695,0.9098418951034546
42.0,42.0,3,1.2267750656993077,7.0,0.914360523223877
42.0,42.0,3,1.2267750656993077,7.571428571428571,0.9308725595474243
42.0,42.0,3,1.2267750656993077,8.142857142857142,0.943572461605072
42.0,42.0,3,1.2267750656993077,8.714285714285714,0.9528641700744629
42.0,42.0,3,1.2267750656993077,9.285714285714285,0.9593667387962341
42.0,42.0,3,1.2267750656993077,9.857142857142858,0.9640438556671143
42.0,42.0,3,1.2267750656993077,10.428571428571429,0.9673632383346558
42.0,42.0,3,1.2267750656993077,11.0,0.9698364734649658
42.0,42.0,3,1.2267750656993077,11.571428571428571,0.9716769456863403
42.0,42.0,3,1.2267750656993077,12.142857142857142,0.9728716611862183
42.0,42.0,3,1.2267750656993077,12.714285714285714,0.9738970398902893
42.0,42.0,3,1.2267750656993077,13.285714285714285,0.9746836423873901
42.0,42.0,3,1.2267750656993077,13.857142857142858,0.9759824275970459
42.0,42.0,3,1.2267750656993077,14.428571428571427,0.9766941070556641
42.0,42.0,3,1.2267750656993077,15.474341649025257,0.9760546684265137
42.0,42.0,3,1.2267750656993077,16.341640786499873,0.9774342179298401
42.0,42.0,3,1.2267750656993077,17.464751508773247,0.9780694842338562
42.0,42.0,3,1.2267750656993077,18.794733192202056,0.9779433012008667
42.0,42.0,3,1.2267750656993077,20.303300858899107,0.9775440692901611
42.0,42.0,3,1.2267750656993077,21.97137002317335,0.9763052463531494
42.0,42.0,3,1.2267750656993077,23.784930278607796,0.9752947092056274
42.0,42.0,3,1.2267750656993077,25.733126291998992,0.9740068912506104
42.0,42.0,3,1.2267750656993077,27.80722452368194,0.9731066226959229
42.0,42.0,3,1.2267750656993077,30.0,0.9723544120788574
42.0,42.0,4,1.5455844104209013,-12.0,nan
42.0,42.0,4,1.5455844104209013,-11.3,nan
42.0,42.0,4,1.5455844104209013,-10.6,nan
42.0,42.0,4,1.5455844104209013,-9.9,0.0
42.0,42.0,4,1.5455844104209013,-9.2,0.0
42.0,42.0,4,1.5455844104209013,-8.5,0.0
42.0,42.0,4,1.5455844104209013,-7.800000000000001,0.0
42.0,42.0,4,1.5455844104209013,-7.1000000000000005,0.0
42.0,42.0,4,1.5455844104209013,-6.4,0.0
42.0,42.0,4,1.5455844104209013,-5.7,0.0
42.0,42.0,4,1.5455844104209013,-5.0,0.0
42.0,42.0,4,1.5455844104209013,-4.8604651162790695,0.0
42.0,42.0,4,1.5455844104209013,-4.72093023255814,0.0
42.0,42.0,4,1.5455844104209013,-4.5813953488372094,0.0
42.0,42.0,4,1.5455844104209013,-4.441860465116279,0.0
42.0,42.0,4,1.5455844104209013,-4.3023255813953485,0.0
42.0,42.0,4,1.5455844104209013,-4.162790697674419,0.0
42.0,42.0,4,1.5455844104209013,-4.023255813953488,0.0
42.0,42.0,4,1.5455844104209013,-3.883720930232558,0.0
42.0,42.0,4,1.5455844104209013,-3.744186046511628,0.0
42.0,42.0,4,1.5455844104209013,-3.604651162790698,0.0
42.0,42.0,4,1.5455844104209013,-3.4651162790697674,0.0
42.0,42.0,4,1.5455844104209013,-3.3255813953488373,0.0
42.0,42.0,4,1.5455844104209013,-3.1860465116279073,0.0
42.0,42.0,4,1.5455844104209013,-3.046511627906977,0.0
42.0,42.0,4,1.5455844104209013,-2.9069767441860463,0.0
42.0,42.0,4,1.5455844104209013,-2.7674418604651163,0.0
42.0,42.0,4,1.5455844104209013,-2.6279069767441863,0.0
42.0,42.0,4,1.5455844104209013,-2.488372093023256,0.0
42.0,42.0,4,1.5455844104209013,-2.3488372093023258,0.0
42.0,42.0,4,1.5455844104209013,-2.2093023255813953,0.0
42.0,42.0,4,1.5455844104209013,-2.0697674418604652,0.0
42.0,42.0,4,1.5455844104209013,-1.9302325581395348,0.0
42.0,42.0,4,1.5455844104209013,-1.7906976744186047,0.0
42.0,42.0,4,1.5455844104209013,-1.6511627906976747,0.0
42.0,42.0,4,1.5455844104209013,-1.5116279069767442,0.0
42.0,42.0,4,1.5455844104209013,-1.3720930232558142,0.0
42.0,42.0,4,1.5455844104209013,-1.2325581395348837,0.0
42.0,42.0,4,1.5455844104209013,-1.0930232558139537,0.0
42.0,42.0,4,1.5455844104209013,-0.9534883720930232,0.0
42.0,42.0,4,1.5455844104209013,-0.8139534883720927,0.0
42.0,42.0,4,1.5455844104209013,-0.6744186046511631,0.0
42.0,42.0,4,1.5455844104209013,-0.5348837209302326,0.0
42.0,42.0,4,1.5455844104209013,-0.39534883720930214,0.0
42.0,42.0,4,1.5455844104209013,-0.25581395348837255,0.0
42.0,42.0,4,1.5455844104209013,-0.11627906976744207,0.0
42.0,42.0,4,1.5455844104209013,0.0,0.0
42.0,42.0,4,1.5455844104209013,0.1627906976744189,0.0
42.0,42.0,4,1.5455844104209013,0.3023255813953485,0.0
42.0,42.0,4,1.5455844104209013,0.44186046511627897,3.5715325452656543e-07
42.0,42.0,4,1.5455844104209013,0.5813953488372094,3.648223128038808e-07
42.0,42.0,4,1.5455844104209013,0.720930232558139,0.011724281124770641
42.0,42.0,4,1.5455844104209013,0.8604651162790695,0.011809547431766987
42.0,42.0,4,1.5455844104209013,1.0,0.33197221159935
42.0,42.0,4,1.5455844104209013,1.1395348837209305,0.32177630066871643
42.0,42.0,4,1.5455844104209013,1.27906976744186,0.848197340965271
42.0,42.0,4,1.5455844104209013,1.4186046511627906,0.8494392037391663
42.0,42.0,4,1.5455844104209013,1.558139534883721,0.8580207824707031
42.0,42.0,4,1.5455844104209013,1.6976744186046506,0.8599444031715393
42.0,42.0,4,1.5455844104209013,1.837209302325581,0.8623782396316528
42.0,42.0,4,1.5455844104209013,1.9767441860465116,0.8636678457260132
42.0,42.0,4,1.5455844104209013,2.116279069767442,0.8642873764038086
42.0,42.0,4,1.5455844104209013,2.2558139534883717,0.8656747937202454
42.0,42.0,4,1.5455844104209013,2.395348837209302,0.8681700229644775
42.0,42.0,4,1.5455844104209013,2.5348837209302326,0.8722738027572632
42.0,42.0,4,1.5455844104209013,2.674418604651163,0.8762351274490356
42.0,42.0,4,1.5455844104209013,2.8139534883720927,0.8797447681427002
42.0,42.0,4,1.5455844104209013,2.953488372093023,0.883589506149292
42.0,42.0,4,1.5455844104209013,3.0930232558139537,0.8877999782562256
42.0,42.0,4,1.5455844104209013,3.232558139534884,0.8922178745269775
42.0,42.0,4,1.5455844104209013,3.3720930232558146,0.8967909812927246
42.0,42.0,4,1.5455844104209013,3.5116279069767433,0.9014815092086792
42.0,42.0,4,1.5455844104209013,3.651162790697674,0.9064444303512573
42.0,42.0,4,1.5455844104209013,3.7906976744186043,0.9114295244216919
42.0,42.0,4,1.5455844104209013,3.9302325581395348,0.916183590888977
42.0,42.0,4,1.5455844104209013,4.069767441860465,0.920641303062439
42.0,42.0,4,1.5455844104209013,4.209302325581396,0.9247952699661255
42.0,42.0,4,1.5455844104209013,4.348837209302326,0.9287875890731812
42.0,42.0,4,1.5455844104209013,4.488372093023255,0.9325404167175293
42.0,42.0,4,1.5455844104209013,4.627906976744185,0.935949444770813
42.0,42.0,4,1.5455844104209013,4.767441860465116,0.9390398263931274
42.0,42.0,4,1.5455844104209013,4.906976744186046,0.9419199824333191
42.0,42.0,4,1.5455844104209013,5.046511627906977,0.945306122303009
42.0,42.0,4,1.5455844104209013,5.186046511627907,0.9487878084182739
42.0,42.0,4,1.5455844104209013,5.325581395348838,0.9509600400924683
42.0,42.0,4,1.5455844104209013,5.4651162790697665,0.9520035982131958
42.0,42.0,4,1.5455844104209013,5.604651162790697,0.953073263168335
42.0,42.0,4,1.5455844104209013,5.7441860465116275,0.9559875726699829
42.0,42.0,4,1.5455844104209013,5.883720930232558,0.9579170942306519
42.0,42.0,4,1.5455844104209013,6.023255813953488,0.9589471817016602
42.0,42.0,4,1.5455844104209013,6.162790697674419,0.9591928720474243
42.0,42.0,4,1.5455844104209013,6.302325581395349,0.9612856507301331
42.0,42.0,4,1.5455844104209013,6.441860465116278,0.962892472743988
42.0,42.0,4,1.5455844104209013,6.581395348837209,0.963760256767273
42.0,42.0,4,1.5455844104209013,6.720930232558139,0.9639639258384705
42.0,42.0,4,1.5455844104209013,6.8604651162790695,0.9649566411972046
42.0,42.0,4,1.5455844104209013,7.0,0.966434895992279
42.0,42.0,4,1.5455844104209013,7.571428571428571,0.9690549373626709
42.0,42.0,4,1.5455844104209013,8.142857142857142,0.9709200859069824
42.0,42.0,4,1.5455844104209013,8.714285714285714,0.9722974300384521
42.0,42.0,4,1.5455844104209013,9.285714285714285,0.9733598232269287
42.0,42.0,4,1.5455844104209013,9.857142857142858,0.9740850329399109
42.0,42.0,4,1.5455844104209013,10.428571428571429,0.9747535586357117
42.0,42.0,4,1.5455844104209013,11.0,0.9754372239112854
42.0,42.0,4,1.5455844104209013,11.571428571428571,0.9759907126426697
42.0,42.0,4,1.5455844104209013,12.142857142857142,0.9762471914291382
42.0,42.0,4,1.5455844104209013,12.714285714285714,0.9764623045921326
42.0,42.0,4,1.5455844104209013,13.285714285714285,0.9771778583526611
42.0,42.0,4,1.5455844104209013,13.857142857142858,0.976868212223053
42.0,42.0,4,1.5455844104209013,14.428571428571427,0.9771522283554077
42.0,42.0,4,1.5455844104209013,15.474341649025257,0.9770887494087219
42.0,42.0,4,1.5455844104209013,16.341640786499873,0.9767754673957825
42.0,42.0,4,1.5455844104209013,17.464751508773247,0.9762486219406128
42.0,42.0,4,1.5455844104209013,18.794733192202056,0.9764852523803711
42.0,42.0,4,1.5455844104209013,20.303300858899107,0.976401686668396
42.0,42.0,4,1.5455844104209013,21.97137002317335,0.9761058688163757
42.0,42.0,4,1.5455844104209013,23.784930278607796,0.9751872420310974
42.0,42.0,4,1.5455844104209013,25.733126291998992,0.9733601808547974
42.0,42.0,4,1.5455844104209013,27.80722452368194,0.9720723628997803
42.0,42.0,4,1.5455844104209013,30.0,0.9713094234466553
